workload,population,encounters,init_ms,run_ms,snapshot_ms,serialize_ms,bytes
population,100,3,0.715000,2.194000,0.430700,2.826900,1305044
population,100,3,0.232400,2.009000,0.409300,3.081800,1305044
population,100,3,0.268200,2.181200,0.708500,2.447500,1305044
population,100,3,0.306800,1.960600,0.480000,2.461500,1305044
population,100,3,0.215700,2.180100,0.687300,3.036700,1305044
population,1000,3,1.356200,25.976000,8.641000,26.250600,11952309
population,1000,3,0.743800,20.937300,7.423500,23.500900,11952309
population,1000,3,1.064900,24.680600,6.178900,24.657500,11952309
population,1000,3,1.841700,21.793100,8.199000,23.836600,11952309
population,1000,3,0.828700,20.964600,8.463300,26.121600,11952309
revision,2,100,0.131100,0.877200,0.053100,0.411900,187469
revision,2,1000,0.052500,65.143400,0.426800,3.410900,1862624
revision,2,4000,0.105300,1034.899400,1.341700,12.170300,7486641
