held,case,support,left,right,class,left_actions,right_actions,left_food,right_food
False,novel_no_progress,20,Unchanged,GlobalProgress,C,"[""Leave""]","[""Leave""]","[3, 4, 4, 4, 4]","[3, 4, 4, 4, 4]"
False,novel_no_progress,20,Unchanged,Contextual,C,"[""Leave""]","[""Leave""]","[3, 4, 4, 4, 4]","[3, 4, 4, 4, 4]"
False,novel_no_progress,20,GlobalProgress,Contextual,Equivalent,"[""Leave""]","[""Leave""]","[3, 4, 4, 4, 4]","[3, 4, 4, 4, 4]"
False,context_specific,20,Unchanged,GlobalProgress,C,"[""Leave""]","[""Leave""]","[3, 4, 4, 4, 4]","[3, 4, 4, 4, 4]"
False,context_specific,20,Unchanged,Contextual,C,"[""Leave""]","[""Leave""]","[3, 4, 4, 4, 4]","[3, 4, 4, 4, 4]"
False,context_specific,20,GlobalProgress,Contextual,C,"[""Leave""]","[""Leave""]","[3, 4, 4, 4, 4]","[3, 4, 4, 4, 4]"
False,repetition,20,Unchanged,GlobalProgress,C,"[""Offer"", ""Accept""]","[""Offer"", ""Accept""]","[2, 5, 4, 4, 4]","[2, 5, 4, 4, 4]"
False,repetition,20,Unchanged,Contextual,C,"[""Offer"", ""Accept""]","[""Offer"", ""Accept""]","[2, 5, 4, 4, 4]","[2, 5, 4, 4, 4]"
False,repetition,20,GlobalProgress,Contextual,C,"[""Offer"", ""Accept""]","[""Offer"", ""Accept""]","[2, 5, 4, 4, 4]","[2, 5, 4, 4, 4]"
False,partial,20,Unchanged,GlobalProgress,C,"[""Leave""]","[""Leave""]","[3, 4, 4, 4, 4]","[3, 4, 4, 4, 4]"
False,partial,20,Unchanged,Contextual,C,"[""Leave""]","[""Leave""]","[3, 4, 4, 4, 4]","[3, 4, 4, 4, 4]"
False,partial,20,GlobalProgress,Contextual,C,"[""Leave""]","[""Leave""]","[3, 4, 4, 4, 4]","[3, 4, 4, 4, 4]"
False,conflict,20,Unchanged,GlobalProgress,Equivalent,"[""Leave""]","[""Leave""]","[3, 4, 4, 4, 4]","[3, 4, 4, 4, 4]"
False,conflict,20,Unchanged,Contextual,Equivalent,"[""Leave""]","[""Leave""]","[3, 4, 4, 4, 4]","[3, 4, 4, 4, 4]"
False,conflict,20,GlobalProgress,Contextual,Equivalent,"[""Leave""]","[""Leave""]","[3, 4, 4, 4, 4]","[3, 4, 4, 4, 4]"
False,cost,20,Unchanged,GlobalProgress,C,"[""Leave""]","[""Leave""]","[3, 4, 4, 4, 4]","[3, 4, 4, 4, 4]"
False,cost,20,Unchanged,Contextual,C,"[""Leave""]","[""Leave""]","[3, 4, 4, 4, 4]","[3, 4, 4, 4, 4]"
False,cost,20,GlobalProgress,Contextual,Equivalent,"[""Leave""]","[""Leave""]","[3, 4, 4, 4, 4]","[3, 4, 4, 4, 4]"
False,changing_source,20,Unchanged,GlobalProgress,Equivalent,"[""Offer"", ""Accept""]","[""Offer"", ""Accept""]","[2, 5, 4, 4, 4]","[2, 5, 4, 4, 4]"
False,changing_source,20,Unchanged,Contextual,Equivalent,"[""Offer"", ""Accept""]","[""Offer"", ""Accept""]","[2, 5, 4, 4, 4]","[2, 5, 4, 4, 4]"
False,changing_source,20,GlobalProgress,Contextual,Equivalent,"[""Offer"", ""Accept""]","[""Offer"", ""Accept""]","[2, 5, 4, 4, 4]","[2, 5, 4, 4, 4]"
False,later_informed,20,Unchanged,GlobalProgress,D,"[""Leave""]","[""Offer"", ""Accept""]","[3, 4, 4, 4, 4]","[2, 5, 4, 4, 4]"
False,later_informed,20,Unchanged,Contextual,Equivalent,"[""Leave""]","[""Leave""]","[3, 4, 4, 4, 4]","[3, 4, 4, 4, 4]"
False,later_informed,20,GlobalProgress,Contextual,D,"[""Offer"", ""Accept""]","[""Leave""]","[2, 5, 4, 4, 4]","[3, 4, 4, 4, 4]"
False,ignorance,20,Unchanged,GlobalProgress,C,"[""Leave""]","[""Leave""]","[3, 4, 4, 4, 4]","[3, 4, 4, 4, 4]"
False,ignorance,20,Unchanged,Contextual,Equivalent,"[""Leave""]","[""Leave""]","[3, 4, 4, 4, 4]","[3, 4, 4, 4, 4]"
False,ignorance,20,GlobalProgress,Contextual,C,"[""Leave""]","[""Leave""]","[3, 4, 4, 4, 4]","[3, 4, 4, 4, 4]"
False,withholding,20,Unchanged,GlobalProgress,C,"[""Leave""]","[""Leave""]","[3, 4, 4, 4, 4]","[3, 4, 4, 4, 4]"
False,withholding,20,Unchanged,Contextual,Equivalent,"[""Leave""]","[""Leave""]","[3, 4, 4, 4, 4]","[3, 4, 4, 4, 4]"
False,withholding,20,GlobalProgress,Contextual,C,"[""Leave""]","[""Leave""]","[3, 4, 4, 4, 4]","[3, 4, 4, 4, 4]"
False,misleading,20,Unchanged,GlobalProgress,C,"[""Leave""]","[""Leave""]","[3, 4, 4, 4, 4]","[3, 4, 4, 4, 4]"
False,misleading,20,Unchanged,Contextual,C,"[""Leave""]","[""Leave""]","[3, 4, 4, 4, 4]","[3, 4, 4, 4, 4]"
False,misleading,20,GlobalProgress,Contextual,C,"[""Leave""]","[""Leave""]","[3, 4, 4, 4, 4]","[3, 4, 4, 4, 4]"
False,changed_circumstances,20,Unchanged,GlobalProgress,D,"[""Leave""]","[""Offer"", ""Accept""]","[3, 4, 4, 4, 4]","[2, 5, 4, 4, 4]"
False,changed_circumstances,20,Unchanged,Contextual,D,"[""Leave""]","[""Offer"", ""Accept""]","[3, 4, 4, 4, 4]","[2, 5, 4, 4, 4]"
False,changed_circumstances,20,GlobalProgress,Contextual,C,"[""Offer"", ""Accept""]","[""Offer"", ""Accept""]","[2, 5, 4, 4, 4]","[2, 5, 4, 4, 4]"
False,forgetting,20,Unchanged,GlobalProgress,C,"[""Leave""]","[""Leave""]","[3, 4, 4, 4, 4]","[3, 4, 4, 4, 4]"
False,forgetting,20,Unchanged,Contextual,C,"[""Leave""]","[""Leave""]","[3, 4, 4, 4, 4]","[3, 4, 4, 4, 4]"
False,forgetting,20,GlobalProgress,Contextual,Equivalent,"[""Leave""]","[""Leave""]","[3, 4, 4, 4, 4]","[3, 4, 4, 4, 4]"
False,no_information,20,Unchanged,GlobalProgress,C,"[""Leave""]","[""Leave""]","[3, 4, 4, 4, 4]","[3, 4, 4, 4, 4]"
False,no_information,20,Unchanged,Contextual,Equivalent,"[""Leave""]","[""Leave""]","[3, 4, 4, 4, 4]","[3, 4, 4, 4, 4]"
False,no_information,20,GlobalProgress,Contextual,C,"[""Leave""]","[""Leave""]","[3, 4, 4, 4, 4]","[3, 4, 4, 4, 4]"
False,mirrored_future,20,Unchanged,GlobalProgress,C,"[""Leave""]","[""Leave""]","[3, 4, 4, 4, 4]","[3, 4, 4, 4, 4]"
False,mirrored_future,20,Unchanged,Contextual,C,"[""Leave""]","[""Leave""]","[3, 4, 4, 4, 4]","[3, 4, 4, 4, 4]"
False,mirrored_future,20,GlobalProgress,Contextual,C,"[""Leave""]","[""Leave""]","[3, 4, 4, 4, 4]","[3, 4, 4, 4, 4]"
True,novel_no_progress,10,Unchanged,GlobalProgress,C,"[""Leave""]","[""Leave""]","[3, 4, 4, 4, 4]","[3, 4, 4, 4, 4]"
True,novel_no_progress,10,Unchanged,Contextual,C,"[""Leave""]","[""Leave""]","[3, 4, 4, 4, 4]","[3, 4, 4, 4, 4]"
True,novel_no_progress,10,GlobalProgress,Contextual,C,"[""Leave""]","[""Leave""]","[3, 4, 4, 4, 4]","[3, 4, 4, 4, 4]"
True,context_specific,10,Unchanged,GlobalProgress,C,"[""Leave""]","[""Leave""]","[3, 4, 4, 4, 4]","[3, 4, 4, 4, 4]"
True,context_specific,10,Unchanged,Contextual,C,"[""Leave""]","[""Leave""]","[3, 4, 4, 4, 4]","[3, 4, 4, 4, 4]"
True,context_specific,10,GlobalProgress,Contextual,C,"[""Leave""]","[""Leave""]","[3, 4, 4, 4, 4]","[3, 4, 4, 4, 4]"
True,repetition,10,Unchanged,GlobalProgress,C,"[""Leave""]","[""Leave""]","[3, 4, 4, 4, 4]","[3, 4, 4, 4, 4]"
True,repetition,10,Unchanged,Contextual,C,"[""Leave""]","[""Leave""]","[3, 4, 4, 4, 4]","[3, 4, 4, 4, 4]"
True,repetition,10,GlobalProgress,Contextual,C,"[""Leave""]","[""Leave""]","[3, 4, 4, 4, 4]","[3, 4, 4, 4, 4]"
True,partial,10,Unchanged,GlobalProgress,C,"[""Leave""]","[""Leave""]","[3, 4, 4, 4, 4]","[3, 4, 4, 4, 4]"
True,partial,10,Unchanged,Contextual,C,"[""Leave""]","[""Leave""]","[3, 4, 4, 4, 4]","[3, 4, 4, 4, 4]"
True,partial,10,GlobalProgress,Contextual,C,"[""Leave""]","[""Leave""]","[3, 4, 4, 4, 4]","[3, 4, 4, 4, 4]"
True,conflict,10,Unchanged,GlobalProgress,C,"[""Leave""]","[""Leave""]","[3, 4, 4, 4, 4]","[3, 4, 4, 4, 4]"
True,conflict,10,Unchanged,Contextual,Equivalent,"[""Leave""]","[""Leave""]","[3, 4, 4, 4, 4]","[3, 4, 4, 4, 4]"
True,conflict,10,GlobalProgress,Contextual,C,"[""Leave""]","[""Leave""]","[3, 4, 4, 4, 4]","[3, 4, 4, 4, 4]"
True,cost,10,Unchanged,GlobalProgress,C,"[""Leave""]","[""Leave""]","[3, 4, 4, 4, 4]","[3, 4, 4, 4, 4]"
True,cost,10,Unchanged,Contextual,C,"[""Leave""]","[""Leave""]","[3, 4, 4, 4, 4]","[3, 4, 4, 4, 4]"
True,cost,10,GlobalProgress,Contextual,C,"[""Leave""]","[""Leave""]","[3, 4, 4, 4, 4]","[3, 4, 4, 4, 4]"
True,changing_source,10,Unchanged,GlobalProgress,Equivalent,"[""Leave""]","[""Leave""]","[3, 4, 4, 4, 4]","[3, 4, 4, 4, 4]"
True,changing_source,10,Unchanged,Contextual,Equivalent,"[""Leave""]","[""Leave""]","[3, 4, 4, 4, 4]","[3, 4, 4, 4, 4]"
True,changing_source,10,GlobalProgress,Contextual,Equivalent,"[""Leave""]","[""Leave""]","[3, 4, 4, 4, 4]","[3, 4, 4, 4, 4]"
True,later_informed,10,Unchanged,GlobalProgress,C,"[""Leave""]","[""Leave""]","[3, 4, 4, 4, 4]","[3, 4, 4, 4, 4]"
True,later_informed,10,Unchanged,Contextual,Equivalent,"[""Leave""]","[""Leave""]","[3, 4, 4, 4, 4]","[3, 4, 4, 4, 4]"
True,later_informed,10,GlobalProgress,Contextual,C,"[""Leave""]","[""Leave""]","[3, 4, 4, 4, 4]","[3, 4, 4, 4, 4]"
True,ignorance,10,Unchanged,GlobalProgress,C,"[""Leave""]","[""Leave""]","[3, 4, 4, 4, 4]","[3, 4, 4, 4, 4]"
True,ignorance,10,Unchanged,Contextual,Equivalent,"[""Leave""]","[""Leave""]","[3, 4, 4, 4, 4]","[3, 4, 4, 4, 4]"
True,ignorance,10,GlobalProgress,Contextual,C,"[""Leave""]","[""Leave""]","[3, 4, 4, 4, 4]","[3, 4, 4, 4, 4]"
True,withholding,10,Unchanged,GlobalProgress,C,"[""Leave""]","[""Leave""]","[3, 4, 4, 4, 4]","[3, 4, 4, 4, 4]"
True,withholding,10,Unchanged,Contextual,Equivalent,"[""Leave""]","[""Leave""]","[3, 4, 4, 4, 4]","[3, 4, 4, 4, 4]"
True,withholding,10,GlobalProgress,Contextual,C,"[""Leave""]","[""Leave""]","[3, 4, 4, 4, 4]","[3, 4, 4, 4, 4]"
True,misleading,10,Unchanged,GlobalProgress,C,"[""Leave""]","[""Leave""]","[3, 4, 4, 4, 4]","[3, 4, 4, 4, 4]"
True,misleading,10,Unchanged,Contextual,C,"[""Leave""]","[""Leave""]","[3, 4, 4, 4, 4]","[3, 4, 4, 4, 4]"
True,misleading,10,GlobalProgress,Contextual,C,"[""Leave""]","[""Leave""]","[3, 4, 4, 4, 4]","[3, 4, 4, 4, 4]"
True,changed_circumstances,10,Unchanged,GlobalProgress,C,"[""Leave""]","[""Leave""]","[3, 4, 4, 4, 4]","[3, 4, 4, 4, 4]"
True,changed_circumstances,10,Unchanged,Contextual,C,"[""Leave""]","[""Leave""]","[3, 4, 4, 4, 4]","[3, 4, 4, 4, 4]"
True,changed_circumstances,10,GlobalProgress,Contextual,C,"[""Leave""]","[""Leave""]","[3, 4, 4, 4, 4]","[3, 4, 4, 4, 4]"
True,forgetting,10,Unchanged,GlobalProgress,C,"[""Leave""]","[""Leave""]","[3, 4, 4, 4, 4]","[3, 4, 4, 4, 4]"
True,forgetting,10,Unchanged,Contextual,C,"[""Leave""]","[""Leave""]","[3, 4, 4, 4, 4]","[3, 4, 4, 4, 4]"
True,forgetting,10,GlobalProgress,Contextual,C,"[""Leave""]","[""Leave""]","[3, 4, 4, 4, 4]","[3, 4, 4, 4, 4]"
True,no_information,10,Unchanged,GlobalProgress,C,"[""Leave""]","[""Leave""]","[3, 4, 4, 4, 4]","[3, 4, 4, 4, 4]"
True,no_information,10,Unchanged,Contextual,Equivalent,"[""Leave""]","[""Leave""]","[3, 4, 4, 4, 4]","[3, 4, 4, 4, 4]"
True,no_information,10,GlobalProgress,Contextual,C,"[""Leave""]","[""Leave""]","[3, 4, 4, 4, 4]","[3, 4, 4, 4, 4]"
True,mirrored_future,10,Unchanged,GlobalProgress,C,"[""Leave""]","[""Leave""]","[3, 4, 4, 4, 4]","[3, 4, 4, 4, 4]"
True,mirrored_future,10,Unchanged,Contextual,C,"[""Leave""]","[""Leave""]","[3, 4, 4, 4, 4]","[3, 4, 4, 4, 4]"
True,mirrored_future,10,GlobalProgress,Contextual,C,"[""Leave""]","[""Leave""]","[3, 4, 4, 4, 4]","[3, 4, 4, 4, 4]"
True,novel_no_progress,40,Unchanged,GlobalProgress,C,"[""Leave""]","[""Leave""]","[3, 4, 4, 4, 4]","[3, 4, 4, 4, 4]"
True,novel_no_progress,40,Unchanged,Contextual,C,"[""Leave""]","[""Leave""]","[3, 4, 4, 4, 4]","[3, 4, 4, 4, 4]"
True,novel_no_progress,40,GlobalProgress,Contextual,C,"[""Leave""]","[""Leave""]","[3, 4, 4, 4, 4]","[3, 4, 4, 4, 4]"
True,context_specific,40,Unchanged,GlobalProgress,C,"[""Leave""]","[""Leave""]","[3, 4, 4, 4, 4]","[3, 4, 4, 4, 4]"
True,context_specific,40,Unchanged,Contextual,C,"[""Leave""]","[""Leave""]","[3, 4, 4, 4, 4]","[3, 4, 4, 4, 4]"
True,context_specific,40,GlobalProgress,Contextual,C,"[""Leave""]","[""Leave""]","[3, 4, 4, 4, 4]","[3, 4, 4, 4, 4]"
True,repetition,40,Unchanged,GlobalProgress,C,"[""Offer"", ""Accept""]","[""Offer"", ""Accept""]","[1, 6, 4, 4, 4]","[1, 6, 4, 4, 4]"
True,repetition,40,Unchanged,Contextual,C,"[""Offer"", ""Accept""]","[""Offer"", ""Accept""]","[1, 6, 4, 4, 4]","[1, 6, 4, 4, 4]"
True,repetition,40,GlobalProgress,Contextual,C,"[""Offer"", ""Accept""]","[""Offer"", ""Accept""]","[1, 6, 4, 4, 4]","[1, 6, 4, 4, 4]"
True,partial,40,Unchanged,GlobalProgress,C,"[""Offer"", ""Accept""]","[""Offer"", ""Accept""]","[1, 6, 4, 4, 4]","[1, 6, 4, 4, 4]"
True,partial,40,Unchanged,Contextual,Equivalent,"[""Offer"", ""Accept""]","[""Offer"", ""Accept""]","[1, 6, 4, 4, 4]","[1, 6, 4, 4, 4]"
True,partial,40,GlobalProgress,Contextual,C,"[""Offer"", ""Accept""]","[""Offer"", ""Accept""]","[1, 6, 4, 4, 4]","[1, 6, 4, 4, 4]"
True,conflict,40,Unchanged,GlobalProgress,C,"[""Leave""]","[""Leave""]","[3, 4, 4, 4, 4]","[3, 4, 4, 4, 4]"
True,conflict,40,Unchanged,Contextual,C,"[""Leave""]","[""Leave""]","[3, 4, 4, 4, 4]","[3, 4, 4, 4, 4]"
True,conflict,40,GlobalProgress,Contextual,C,"[""Leave""]","[""Leave""]","[3, 4, 4, 4, 4]","[3, 4, 4, 4, 4]"
True,cost,40,Unchanged,GlobalProgress,C,"[""Leave""]","[""Leave""]","[3, 4, 4, 4, 4]","[3, 4, 4, 4, 4]"
True,cost,40,Unchanged,Contextual,C,"[""Leave""]","[""Leave""]","[3, 4, 4, 4, 4]","[3, 4, 4, 4, 4]"
True,cost,40,GlobalProgress,Contextual,C,"[""Leave""]","[""Leave""]","[3, 4, 4, 4, 4]","[3, 4, 4, 4, 4]"
True,changing_source,40,Unchanged,GlobalProgress,C,"[""Offer"", ""Accept""]","[""Offer"", ""Accept""]","[1, 6, 4, 4, 4]","[1, 6, 4, 4, 4]"
True,changing_source,40,Unchanged,Contextual,Equivalent,"[""Offer"", ""Accept""]","[""Offer"", ""Accept""]","[1, 6, 4, 4, 4]","[1, 6, 4, 4, 4]"
True,changing_source,40,GlobalProgress,Contextual,C,"[""Offer"", ""Accept""]","[""Offer"", ""Accept""]","[1, 6, 4, 4, 4]","[1, 6, 4, 4, 4]"
True,later_informed,40,Unchanged,GlobalProgress,D,"[""Offer"", ""Accept""]","[""Leave""]","[1, 6, 4, 4, 4]","[3, 4, 4, 4, 4]"
True,later_informed,40,Unchanged,Contextual,C,"[""Offer"", ""Accept""]","[""Offer"", ""Accept""]","[1, 6, 4, 4, 4]","[1, 6, 4, 4, 4]"
True,later_informed,40,GlobalProgress,Contextual,D,"[""Leave""]","[""Offer"", ""Accept""]","[3, 4, 4, 4, 4]","[1, 6, 4, 4, 4]"
True,ignorance,40,Unchanged,GlobalProgress,C,"[""Leave""]","[""Leave""]","[3, 4, 4, 4, 4]","[3, 4, 4, 4, 4]"
True,ignorance,40,Unchanged,Contextual,C,"[""Leave""]","[""Leave""]","[3, 4, 4, 4, 4]","[3, 4, 4, 4, 4]"
True,ignorance,40,GlobalProgress,Contextual,C,"[""Leave""]","[""Leave""]","[3, 4, 4, 4, 4]","[3, 4, 4, 4, 4]"
True,withholding,40,Unchanged,GlobalProgress,C,"[""Leave""]","[""Leave""]","[3, 4, 4, 4, 4]","[3, 4, 4, 4, 4]"
True,withholding,40,Unchanged,Contextual,C,"[""Leave""]","[""Leave""]","[3, 4, 4, 4, 4]","[3, 4, 4, 4, 4]"
True,withholding,40,GlobalProgress,Contextual,C,"[""Leave""]","[""Leave""]","[3, 4, 4, 4, 4]","[3, 4, 4, 4, 4]"
True,misleading,40,Unchanged,GlobalProgress,C,"[""Leave""]","[""Leave""]","[3, 4, 4, 4, 4]","[3, 4, 4, 4, 4]"
True,misleading,40,Unchanged,Contextual,C,"[""Leave""]","[""Leave""]","[3, 4, 4, 4, 4]","[3, 4, 4, 4, 4]"
True,misleading,40,GlobalProgress,Contextual,C,"[""Leave""]","[""Leave""]","[3, 4, 4, 4, 4]","[3, 4, 4, 4, 4]"
True,changed_circumstances,40,Unchanged,GlobalProgress,C,"[""Offer"", ""Accept""]","[""Offer"", ""Accept""]","[1, 6, 4, 4, 4]","[1, 6, 4, 4, 4]"
True,changed_circumstances,40,Unchanged,Contextual,C,"[""Offer"", ""Accept""]","[""Offer"", ""Accept""]","[1, 6, 4, 4, 4]","[1, 6, 4, 4, 4]"
True,changed_circumstances,40,GlobalProgress,Contextual,C,"[""Offer"", ""Accept""]","[""Offer"", ""Accept""]","[1, 6, 4, 4, 4]","[1, 6, 4, 4, 4]"
True,forgetting,40,Unchanged,GlobalProgress,C,"[""Leave""]","[""Leave""]","[3, 4, 4, 4, 4]","[3, 4, 4, 4, 4]"
True,forgetting,40,Unchanged,Contextual,C,"[""Leave""]","[""Leave""]","[3, 4, 4, 4, 4]","[3, 4, 4, 4, 4]"
True,forgetting,40,GlobalProgress,Contextual,C,"[""Leave""]","[""Leave""]","[3, 4, 4, 4, 4]","[3, 4, 4, 4, 4]"
True,no_information,40,Unchanged,GlobalProgress,C,"[""Leave""]","[""Leave""]","[3, 4, 4, 4, 4]","[3, 4, 4, 4, 4]"
True,no_information,40,Unchanged,Contextual,C,"[""Leave""]","[""Leave""]","[3, 4, 4, 4, 4]","[3, 4, 4, 4, 4]"
True,no_information,40,GlobalProgress,Contextual,C,"[""Leave""]","[""Leave""]","[3, 4, 4, 4, 4]","[3, 4, 4, 4, 4]"
True,mirrored_future,40,Unchanged,GlobalProgress,D,"[""Offer"", ""Accept""]","[""Leave""]","[1, 4, 6, 4, 4]","[3, 4, 4, 4, 4]"
True,mirrored_future,40,Unchanged,Contextual,C,"[""Offer"", ""Accept""]","[""Offer"", ""Accept""]","[1, 4, 6, 4, 4]","[1, 4, 6, 4, 4]"
True,mirrored_future,40,GlobalProgress,Contextual,D,"[""Leave""]","[""Offer"", ""Accept""]","[3, 4, 4, 4, 4]","[1, 4, 6, 4, 4]"
True,novel_no_progress,55,Unchanged,GlobalProgress,C,"[""Leave""]","[""Leave""]","[3, 4, 4, 4, 4]","[3, 4, 4, 4, 4]"
True,novel_no_progress,55,Unchanged,Contextual,C,"[""Leave""]","[""Leave""]","[3, 4, 4, 4, 4]","[3, 4, 4, 4, 4]"
True,novel_no_progress,55,GlobalProgress,Contextual,C,"[""Leave""]","[""Leave""]","[3, 4, 4, 4, 4]","[3, 4, 4, 4, 4]"
True,context_specific,55,Unchanged,GlobalProgress,C,"[""Leave""]","[""Leave""]","[3, 4, 4, 4, 4]","[3, 4, 4, 4, 4]"
True,context_specific,55,Unchanged,Contextual,C,"[""Leave""]","[""Leave""]","[3, 4, 4, 4, 4]","[3, 4, 4, 4, 4]"
True,context_specific,55,GlobalProgress,Contextual,C,"[""Leave""]","[""Leave""]","[3, 4, 4, 4, 4]","[3, 4, 4, 4, 4]"
True,repetition,55,Unchanged,GlobalProgress,C,"[""Leave""]","[""Leave""]","[3, 4, 4, 4, 4]","[3, 4, 4, 4, 4]"
True,repetition,55,Unchanged,Contextual,C,"[""Leave""]","[""Leave""]","[3, 4, 4, 4, 4]","[3, 4, 4, 4, 4]"
True,repetition,55,GlobalProgress,Contextual,C,"[""Leave""]","[""Leave""]","[3, 4, 4, 4, 4]","[3, 4, 4, 4, 4]"
True,partial,55,Unchanged,GlobalProgress,C,"[""Leave""]","[""Leave""]","[3, 4, 4, 4, 4]","[3, 4, 4, 4, 4]"
True,partial,55,Unchanged,Contextual,C,"[""Leave""]","[""Leave""]","[3, 4, 4, 4, 4]","[3, 4, 4, 4, 4]"
True,partial,55,GlobalProgress,Contextual,C,"[""Leave""]","[""Leave""]","[3, 4, 4, 4, 4]","[3, 4, 4, 4, 4]"
True,conflict,55,Unchanged,GlobalProgress,C,"[""Leave""]","[""Leave""]","[3, 4, 4, 4, 4]","[3, 4, 4, 4, 4]"
True,conflict,55,Unchanged,Contextual,C,"[""Leave""]","[""Leave""]","[3, 4, 4, 4, 4]","[3, 4, 4, 4, 4]"
True,conflict,55,GlobalProgress,Contextual,C,"[""Leave""]","[""Leave""]","[3, 4, 4, 4, 4]","[3, 4, 4, 4, 4]"
True,cost,55,Unchanged,GlobalProgress,C,"[""Leave""]","[""Leave""]","[3, 4, 4, 4, 4]","[3, 4, 4, 4, 4]"
True,cost,55,Unchanged,Contextual,C,"[""Leave""]","[""Leave""]","[3, 4, 4, 4, 4]","[3, 4, 4, 4, 4]"
True,cost,55,GlobalProgress,Contextual,C,"[""Leave""]","[""Leave""]","[3, 4, 4, 4, 4]","[3, 4, 4, 4, 4]"
True,changing_source,55,Unchanged,GlobalProgress,C,"[""Leave""]","[""Leave""]","[3, 4, 4, 4, 4]","[3, 4, 4, 4, 4]"
True,changing_source,55,Unchanged,Contextual,Equivalent,"[""Leave""]","[""Leave""]","[3, 4, 4, 4, 4]","[3, 4, 4, 4, 4]"
True,changing_source,55,GlobalProgress,Contextual,C,"[""Leave""]","[""Leave""]","[3, 4, 4, 4, 4]","[3, 4, 4, 4, 4]"
True,later_informed,55,Unchanged,GlobalProgress,C,"[""Leave""]","[""Leave""]","[3, 4, 4, 4, 4]","[3, 4, 4, 4, 4]"
True,later_informed,55,Unchanged,Contextual,C,"[""Leave""]","[""Leave""]","[3, 4, 4, 4, 4]","[3, 4, 4, 4, 4]"
True,later_informed,55,GlobalProgress,Contextual,C,"[""Leave""]","[""Leave""]","[3, 4, 4, 4, 4]","[3, 4, 4, 4, 4]"
True,ignorance,55,Unchanged,GlobalProgress,C,"[""Leave""]","[""Leave""]","[3, 4, 4, 4, 4]","[3, 4, 4, 4, 4]"
True,ignorance,55,Unchanged,Contextual,C,"[""Leave""]","[""Leave""]","[3, 4, 4, 4, 4]","[3, 4, 4, 4, 4]"
True,ignorance,55,GlobalProgress,Contextual,C,"[""Leave""]","[""Leave""]","[3, 4, 4, 4, 4]","[3, 4, 4, 4, 4]"
True,withholding,55,Unchanged,GlobalProgress,C,"[""Leave""]","[""Leave""]","[3, 4, 4, 4, 4]","[3, 4, 4, 4, 4]"
True,withholding,55,Unchanged,Contextual,C,"[""Leave""]","[""Leave""]","[3, 4, 4, 4, 4]","[3, 4, 4, 4, 4]"
True,withholding,55,GlobalProgress,Contextual,C,"[""Leave""]","[""Leave""]","[3, 4, 4, 4, 4]","[3, 4, 4, 4, 4]"
True,misleading,55,Unchanged,GlobalProgress,C,"[""Leave""]","[""Leave""]","[3, 4, 4, 4, 4]","[3, 4, 4, 4, 4]"
True,misleading,55,Unchanged,Contextual,C,"[""Leave""]","[""Leave""]","[3, 4, 4, 4, 4]","[3, 4, 4, 4, 4]"
True,misleading,55,GlobalProgress,Contextual,C,"[""Leave""]","[""Leave""]","[3, 4, 4, 4, 4]","[3, 4, 4, 4, 4]"
True,changed_circumstances,55,Unchanged,GlobalProgress,C,"[""Leave""]","[""Leave""]","[3, 4, 4, 4, 4]","[3, 4, 4, 4, 4]"
True,changed_circumstances,55,Unchanged,Contextual,C,"[""Leave""]","[""Leave""]","[3, 4, 4, 4, 4]","[3, 4, 4, 4, 4]"
True,changed_circumstances,55,GlobalProgress,Contextual,C,"[""Leave""]","[""Leave""]","[3, 4, 4, 4, 4]","[3, 4, 4, 4, 4]"
True,forgetting,55,Unchanged,GlobalProgress,C,"[""Leave""]","[""Leave""]","[3, 4, 4, 4, 4]","[3, 4, 4, 4, 4]"
True,forgetting,55,Unchanged,Contextual,C,"[""Leave""]","[""Leave""]","[3, 4, 4, 4, 4]","[3, 4, 4, 4, 4]"
True,forgetting,55,GlobalProgress,Contextual,C,"[""Leave""]","[""Leave""]","[3, 4, 4, 4, 4]","[3, 4, 4, 4, 4]"
True,no_information,55,Unchanged,GlobalProgress,C,"[""Leave""]","[""Leave""]","[3, 4, 4, 4, 4]","[3, 4, 4, 4, 4]"
True,no_information,55,Unchanged,Contextual,C,"[""Leave""]","[""Leave""]","[3, 4, 4, 4, 4]","[3, 4, 4, 4, 4]"
True,no_information,55,GlobalProgress,Contextual,C,"[""Leave""]","[""Leave""]","[3, 4, 4, 4, 4]","[3, 4, 4, 4, 4]"
True,mirrored_future,55,Unchanged,GlobalProgress,C,"[""Leave""]","[""Leave""]","[3, 4, 4, 4, 4]","[3, 4, 4, 4, 4]"
True,mirrored_future,55,Unchanged,Contextual,C,"[""Leave""]","[""Leave""]","[3, 4, 4, 4, 4]","[3, 4, 4, 4, 4]"
True,mirrored_future,55,GlobalProgress,Contextual,C,"[""Leave""]","[""Leave""]","[3, 4, 4, 4, 4]","[3, 4, 4, 4, 4]"
