seed,held,case,mode,microseconds,serialized_bytes,learning_bytes,cells,audit_records
0,false,novel_no_progress,Unchanged,1763,148818,5297,4,14
0,false,novel_no_progress,GlobalProgress,1301,149162,5186,4,14
0,false,novel_no_progress,Contextual,694,145886,5291,5,14
0,false,context_specific,Unchanged,672,137999,4666,3,10
0,false,context_specific,GlobalProgress,607,128854,3770,2,10
0,false,context_specific,Contextual,602,136497,4256,3,10
0,false,repetition,Unchanged,829,132639,4527,4,10
0,false,repetition,GlobalProgress,566,124601,3949,2,10
0,false,repetition,Contextual,552,128152,4465,4,10
0,false,partial,Unchanged,590,134387,4656,4,10
0,false,partial,GlobalProgress,603,138363,4557,2,10
0,false,partial,Contextual,600,135402,4657,4,10
0,false,conflict,Unchanged,804,148110,5277,5,14
0,false,conflict,GlobalProgress,784,151617,5171,4,14
0,false,conflict,Contextual,623,148110,5278,5,14
0,false,cost,Unchanged,564,144602,5279,4,14
0,false,cost,GlobalProgress,561,149182,5186,4,14
0,false,cost,Contextual,542,145906,5291,5,14
0,false,changing_source,Unchanged,760,174067,4306,4,10
0,false,changing_source,GlobalProgress,726,173018,4198,3,10
0,false,changing_source,Contextual,834,174069,4307,4,10
0,false,later_informed,Unchanged,413,126167,4658,5,10
0,false,later_informed,GlobalProgress,1360,123705,4401,3,10
0,false,later_informed,Contextual,835,126170,4659,5,10
0,false,ignorance,Unchanged,417,124488,4658,5,10
0,false,ignorance,GlobalProgress,1726,120931,4159,3,10
0,false,ignorance,Contextual,597,124491,4659,5,10
0,false,withholding,Unchanged,427,126332,4658,5,10
0,false,withholding,GlobalProgress,495,122857,4159,3,10
0,false,withholding,Contextual,418,126335,4659,5,10
0,false,misleading,Unchanged,500,138019,4668,3,10
0,false,misleading,GlobalProgress,517,128853,3770,2,10
0,false,misleading,Contextual,486,136524,4259,3,10
0,false,changed_circumstances,Unchanged,493,131697,4663,4,10
0,false,changed_circumstances,GlobalProgress,467,132628,4358,3,10
0,false,changed_circumstances,Contextual,1054,133498,4471,4,10
0,false,forgetting,Unchanged,1310,391908,4660,3,10
0,false,forgetting,GlobalProgress,1264,402996,4554,2,10
0,false,forgetting,Contextual,1191,393697,4662,4,10
0,false,no_information,Unchanged,487,124493,4658,5,10
0,false,no_information,GlobalProgress,386,120934,4159,3,10
0,false,no_information,Contextual,405,124496,4659,5,10
0,false,mirrored_future,Unchanged,498,138265,4673,4,10
0,false,mirrored_future,GlobalProgress,448,131343,4167,3,10
0,false,mirrored_future,Contextual,461,139045,4677,4,10
0,true,novel_no_progress,Unchanged,814,148548,5282,4,14
0,true,novel_no_progress,GlobalProgress,543,145520,5193,5,14
0,true,novel_no_progress,Contextual,504,145771,5272,5,14
0,true,context_specific,Unchanged,538,138307,4676,4,10
0,true,context_specific,GlobalProgress,1775,131347,4167,3,10
0,true,context_specific,Contextual,678,139088,4680,4,10
0,true,repetition,Unchanged,614,129755,4651,4,10
0,true,repetition,GlobalProgress,617,127166,4155,3,10
0,true,repetition,Contextual,579,130415,4652,4,10
0,true,partial,Unchanged,523,129752,4651,4,10
0,true,partial,GlobalProgress,525,127163,4155,3,10
0,true,partial,Contextual,461,130412,4652,4,10
0,true,conflict,Unchanged,594,147953,5260,5,14
0,true,conflict,GlobalProgress,770,148088,5178,5,14
0,true,conflict,Contextual,545,147950,5261,5,14
0,true,cost,Unchanged,742,148541,5282,4,14
0,true,cost,GlobalProgress,577,145510,5193,5,14
0,true,cost,Contextual,478,145764,5272,5,14
0,true,changing_source,Unchanged,688,178991,4641,4,10
0,true,changing_source,GlobalProgress,620,177932,4529,3,10
0,true,changing_source,Contextual,736,178993,4642,4,10
0,true,later_informed,Unchanged,484,126362,4653,5,10
0,true,later_informed,GlobalProgress,754,124924,4538,3,10
0,true,later_informed,Contextual,513,126361,4654,5,10
0,true,ignorance,Unchanged,961,120941,4654,5,10
0,true,ignorance,GlobalProgress,422,117394,4155,3,10
0,true,ignorance,Contextual,391,120942,4655,5,10
0,true,withholding,Unchanged,417,122785,4654,5,10
0,true,withholding,GlobalProgress,410,119320,4155,3,10
0,true,withholding,Contextual,509,122786,4655,5,10
0,true,misleading,Unchanged,523,138334,4679,4,10
0,true,misleading,GlobalProgress,575,131346,4167,3,10
0,true,misleading,Contextual,483,139122,4684,4,10
0,true,changed_circumstances,Unchanged,454,134851,4648,4,10
0,true,changed_circumstances,GlobalProgress,459,128075,4554,4,10
0,true,changed_circumstances,Contextual,438,132117,4644,5,10
0,true,forgetting,Unchanged,1209,392138,4668,4,10
0,true,forgetting,GlobalProgress,1178,392843,4555,3,10
0,true,forgetting,Contextual,1185,383518,4662,4,10
0,true,no_information,Unchanged,442,120946,4654,5,10
0,true,no_information,GlobalProgress,390,117397,4155,3,10
0,true,no_information,Contextual,421,120947,4655,5,10
0,true,mirrored_future,Unchanged,470,138040,4669,3,10
0,true,mirrored_future,GlobalProgress,442,128856,3770,2,10
0,true,mirrored_future,Contextual,451,136539,4259,3,10
0,true,novel_no_progress,Unchanged,705,205696,8187,6,22
0,true,novel_no_progress,GlobalProgress,696,207989,8021,5,22
0,true,novel_no_progress,Contextual,1239,202849,8183,7,22
0,true,context_specific,Unchanged,814,180525,7055,3,16
0,true,context_specific,GlobalProgress,607,172038,5675,2,16
0,true,context_specific,Contextual,953,173414,5808,3,16
0,true,repetition,Unchanged,681,172153,7082,4,16
0,true,repetition,GlobalProgress,585,158450,5262,2,16
0,true,repetition,Contextual,558,169670,6667,4,16
0,true,partial,Unchanged,593,162213,6532,4,16
0,true,partial,GlobalProgress,934,152173,5185,2,16
0,true,partial,Contextual,799,162215,6533,4,16
0,true,conflict,Unchanged,742,203517,8156,6,22
0,true,conflict,GlobalProgress,749,203643,7596,5,22
0,true,conflict,Contextual,686,205032,8158,7,22
0,true,cost,Unchanged,657,208068,8363,7,22
0,true,cost,GlobalProgress,661,203174,7806,5,22
0,true,cost,Contextual,654,209302,8356,7,22
0,true,changing_source,Unchanged,823,210848,6319,5,16
0,true,changing_source,GlobalProgress,697,205475,5955,3,16
0,true,changing_source,Contextual,712,210850,6320,5,16
0,true,later_informed,Unchanged,512,171680,7340,5,16
0,true,later_informed,GlobalProgress,513,161152,6062,3,16
0,true,later_informed,Contextual,516,168765,7193,5,16
0,true,ignorance,Unchanged,511,169758,7419,5,16
0,true,ignorance,GlobalProgress,579,159470,6062,3,16
0,true,ignorance,Contextual,672,169195,7410,5,16
0,true,withholding,Unchanged,547,171686,7419,5,16
0,true,withholding,GlobalProgress,507,161476,6062,3,16
0,true,withholding,Contextual,579,171207,7410,5,16
0,true,misleading,Unchanged,645,180219,7056,3,16
0,true,misleading,GlobalProgress,582,172037,5675,2,16
0,true,misleading,Contextual,623,173108,5809,3,16
0,true,changed_circumstances,Unchanged,570,176126,6980,6,16
0,true,changed_circumstances,GlobalProgress,626,166910,5938,4,16
0,true,changed_circumstances,Contextual,793,176130,6981,6,16
0,true,forgetting,Unchanged,1418,438672,7414,4,16
0,true,forgetting,GlobalProgress,1163,436735,5679,2,16
0,true,forgetting,Contextual,1273,450038,7409,4,16
0,true,no_information,Unchanged,1201,169763,7419,5,16
0,true,no_information,GlobalProgress,856,159469,6062,3,16
0,true,no_information,Contextual,824,169200,7410,5,16
0,true,mirrored_future,Unchanged,700,182100,7062,4,16
0,true,mirrored_future,GlobalProgress,603,174534,6074,3,16
0,true,mirrored_future,Contextual,599,177268,6231,4,16
0,true,novel_no_progress,Unchanged,571,180176,7136,6,18
0,true,novel_no_progress,GlobalProgress,559,176001,6588,5,18
0,true,novel_no_progress,Contextual,562,177411,7132,7,18
0,true,context_specific,Unchanged,619,169066,6519,4,14
0,true,context_specific,GlobalProgress,516,155734,5166,3,14
0,true,context_specific,Contextual,543,164320,5682,4,14
0,true,repetition,Unchanged,558,168188,6419,5,14
0,true,repetition,GlobalProgress,493,152270,5154,3,14
0,true,repetition,Contextual,542,167255,6363,5,14
0,true,partial,Unchanged,518,164111,6489,4,14
0,true,partial,GlobalProgress,494,152287,5159,3,14
0,true,partial,Contextual,521,165776,6488,5,14
0,true,conflict,Unchanged,639,183195,7122,6,18
0,true,conflict,GlobalProgress,632,179017,6574,5,18
0,true,conflict,Contextual,592,180195,7120,7,18
0,true,cost,Unchanged,610,180166,7136,6,18
0,true,cost,GlobalProgress,602,175991,6588,5,18
0,true,cost,Contextual,552,177401,7132,7,18
0,true,changing_source,Unchanged,679,203798,6016,5,14
0,true,changing_source,GlobalProgress,620,196620,5522,3,14
0,true,changing_source,Contextual,1295,203800,6017,5,14
0,true,later_informed,Unchanged,543,158809,6418,5,14
0,true,later_informed,GlobalProgress,475,143334,5159,3,14
0,true,later_informed,Contextual,588,157434,6354,5,14
0,true,ignorance,Unchanged,510,150893,6490,5,14
0,true,ignorance,GlobalProgress,449,141655,5159,3,14
0,true,ignorance,Contextual,447,150672,6481,5,14
0,true,withholding,Unchanged,470,152821,6490,5,14
0,true,withholding,GlobalProgress,453,143577,5159,3,14
0,true,withholding,Contextual,461,152600,6481,5,14
0,true,misleading,Unchanged,1089,169101,6524,4,14
0,true,misleading,GlobalProgress,588,155733,5166,3,14
0,true,misleading,Contextual,617,164355,5687,4,14
0,true,changed_circumstances,Unchanged,507,162221,6493,5,14
0,true,changed_circumstances,GlobalProgress,520,156074,5559,4,14
0,true,changed_circumstances,Contextual,513,163899,6507,6,14
0,true,forgetting,Unchanged,1170,423279,6494,5,14
0,true,forgetting,GlobalProgress,1967,413939,5167,3,14
0,true,forgetting,Contextual,1459,424508,6484,5,14
0,true,no_information,Unchanged,491,150898,6490,5,14
0,true,no_information,GlobalProgress,446,141654,5159,3,14
0,true,no_information,Contextual,460,150677,6481,5,14
0,true,mirrored_future,Unchanged,621,173114,6516,3,14
0,true,mirrored_future,GlobalProgress,530,153243,4767,2,14
0,true,mirrored_future,Contextual,1070,161763,5259,3,14
1,false,novel_no_progress,Unchanged,840,148818,5297,4,14
1,false,novel_no_progress,GlobalProgress,534,149162,5186,4,14
1,false,novel_no_progress,Contextual,491,145886,5291,5,14
1,false,context_specific,Unchanged,713,137999,4666,3,10
1,false,context_specific,GlobalProgress,487,128854,3770,2,10
1,false,context_specific,Contextual,530,136497,4256,3,10
1,false,repetition,Unchanged,481,132639,4527,4,10
1,false,repetition,GlobalProgress,443,124601,3949,2,10
1,false,repetition,Contextual,528,128152,4465,4,10
1,false,partial,Unchanged,468,134387,4656,4,10
1,false,partial,GlobalProgress,466,138363,4557,2,10
1,false,partial,Contextual,448,135402,4657,4,10
1,false,conflict,Unchanged,521,148110,5277,5,14
1,false,conflict,GlobalProgress,543,151617,5171,4,14
1,false,conflict,Contextual,2286,148110,5278,5,14
1,false,cost,Unchanged,739,144602,5279,4,14
1,false,cost,GlobalProgress,536,149182,5186,4,14
1,false,cost,Contextual,500,145906,5291,5,14
1,false,changing_source,Unchanged,611,174067,4306,4,10
1,false,changing_source,GlobalProgress,574,173018,4198,3,10
1,false,changing_source,Contextual,575,174069,4307,4,10
1,false,later_informed,Unchanged,409,126167,4658,5,10
1,false,later_informed,GlobalProgress,450,123705,4401,3,10
1,false,later_informed,Contextual,402,126170,4659,5,10
1,false,ignorance,Unchanged,405,124488,4658,5,10
1,false,ignorance,GlobalProgress,387,120931,4159,3,10
1,false,ignorance,Contextual,468,124491,4659,5,10
1,false,withholding,Unchanged,404,126332,4658,5,10
1,false,withholding,GlobalProgress,405,122857,4159,3,10
1,false,withholding,Contextual,413,126335,4659,5,10
1,false,misleading,Unchanged,483,138019,4668,3,10
1,false,misleading,GlobalProgress,457,128853,3770,2,10
1,false,misleading,Contextual,462,136524,4259,3,10
1,false,changed_circumstances,Unchanged,480,131697,4663,4,10
1,false,changed_circumstances,GlobalProgress,478,132628,4358,3,10
1,false,changed_circumstances,Contextual,457,133498,4471,4,10
1,false,forgetting,Unchanged,1192,391908,4660,3,10
1,false,forgetting,GlobalProgress,1105,402996,4554,2,10
1,false,forgetting,Contextual,1128,393697,4662,4,10
1,false,no_information,Unchanged,406,124493,4658,5,10
1,false,no_information,GlobalProgress,1413,120934,4159,3,10
1,false,no_information,Contextual,494,124496,4659,5,10
1,false,mirrored_future,Unchanged,541,138265,4673,4,10
1,false,mirrored_future,GlobalProgress,452,131343,4167,3,10
1,false,mirrored_future,Contextual,733,139045,4677,4,10
1,true,novel_no_progress,Unchanged,734,148548,5282,4,14
1,true,novel_no_progress,GlobalProgress,537,145520,5193,5,14
1,true,novel_no_progress,Contextual,516,145771,5272,5,14
1,true,context_specific,Unchanged,637,138307,4676,4,10
1,true,context_specific,GlobalProgress,475,131347,4167,3,10
1,true,context_specific,Contextual,502,139088,4680,4,10
1,true,repetition,Unchanged,446,129755,4651,4,10
1,true,repetition,GlobalProgress,458,127166,4155,3,10
1,true,repetition,Contextual,451,130415,4652,4,10
1,true,partial,Unchanged,449,129752,4651,4,10
1,true,partial,GlobalProgress,425,127163,4155,3,10
1,true,partial,Contextual,749,130412,4652,4,10
1,true,conflict,Unchanged,767,147953,5260,5,14
1,true,conflict,GlobalProgress,630,148088,5178,5,14
1,true,conflict,Contextual,1067,147950,5261,5,14
1,true,cost,Unchanged,539,148541,5282,4,14
1,true,cost,GlobalProgress,890,145510,5193,5,14
1,true,cost,Contextual,514,145764,5272,5,14
1,true,changing_source,Unchanged,684,178991,4641,4,10
1,true,changing_source,GlobalProgress,601,177932,4529,3,10
1,true,changing_source,Contextual,598,178993,4642,4,10
1,true,later_informed,Unchanged,793,126362,4653,5,10
1,true,later_informed,GlobalProgress,454,124924,4538,3,10
1,true,later_informed,Contextual,560,126361,4654,5,10
1,true,ignorance,Unchanged,650,120941,4654,5,10
1,true,ignorance,GlobalProgress,420,117394,4155,3,10
1,true,ignorance,Contextual,399,120942,4655,5,10
1,true,withholding,Unchanged,431,122785,4654,5,10
1,true,withholding,GlobalProgress,429,119320,4155,3,10
1,true,withholding,Contextual,393,122786,4655,5,10
1,true,misleading,Unchanged,623,138334,4679,4,10
1,true,misleading,GlobalProgress,669,131346,4167,3,10
1,true,misleading,Contextual,736,139122,4684,4,10
1,true,changed_circumstances,Unchanged,462,134851,4648,4,10
1,true,changed_circumstances,GlobalProgress,456,128075,4554,4,10
1,true,changed_circumstances,Contextual,438,132117,4644,5,10
1,true,forgetting,Unchanged,1176,392138,4668,4,10
1,true,forgetting,GlobalProgress,1058,392843,4555,3,10
1,true,forgetting,Contextual,2753,383518,4662,4,10
1,true,no_information,Unchanged,448,120946,4654,5,10
1,true,no_information,GlobalProgress,449,117397,4155,3,10
1,true,no_information,Contextual,380,120947,4655,5,10
1,true,mirrored_future,Unchanged,468,138040,4669,3,10
1,true,mirrored_future,GlobalProgress,419,128856,3770,2,10
1,true,mirrored_future,Contextual,441,136539,4259,3,10
1,true,novel_no_progress,Unchanged,700,205696,8187,6,22
1,true,novel_no_progress,GlobalProgress,734,207989,8021,5,22
1,true,novel_no_progress,Contextual,697,202849,8183,7,22
1,true,context_specific,Unchanged,644,180525,7055,3,16
1,true,context_specific,GlobalProgress,606,172038,5675,2,16
1,true,context_specific,Contextual,608,173414,5808,3,16
1,true,repetition,Unchanged,580,172153,7082,4,16
1,true,repetition,GlobalProgress,539,158450,5262,2,16
1,true,repetition,Contextual,568,169670,6667,4,16
1,true,partial,Unchanged,527,162213,6532,4,16
1,true,partial,GlobalProgress,524,152173,5185,2,16
1,true,partial,Contextual,549,162215,6533,4,16
1,true,conflict,Unchanged,711,203517,8156,6,22
1,true,conflict,GlobalProgress,733,203643,7596,5,22
1,true,conflict,Contextual,676,205032,8158,7,22
1,true,cost,Unchanged,654,208068,8363,7,22
1,true,cost,GlobalProgress,668,203174,7806,5,22
1,true,cost,Contextual,639,209302,8356,7,22
1,true,changing_source,Unchanged,875,210848,6319,5,16
1,true,changing_source,GlobalProgress,715,205475,5955,3,16
1,true,changing_source,Contextual,1095,210850,6320,5,16
1,true,later_informed,Unchanged,840,171680,7340,5,16
1,true,later_informed,GlobalProgress,636,161152,6062,3,16
1,true,later_informed,Contextual,553,168765,7193,5,16
1,true,ignorance,Unchanged,530,169758,7419,5,16
1,true,ignorance,GlobalProgress,782,159470,6062,3,16
1,true,ignorance,Contextual,697,169195,7410,5,16
1,true,withholding,Unchanged,886,171686,7419,5,16
1,true,withholding,GlobalProgress,546,161476,6062,3,16
1,true,withholding,Contextual,578,171207,7410,5,16
1,true,misleading,Unchanged,651,180219,7056,3,16
1,true,misleading,GlobalProgress,667,172037,5675,2,16
1,true,misleading,Contextual,619,173108,5809,3,16
1,true,changed_circumstances,Unchanged,840,176126,6980,6,16
1,true,changed_circumstances,GlobalProgress,811,166910,5938,4,16
1,true,changed_circumstances,Contextual,642,176130,6981,6,16
1,true,forgetting,Unchanged,1354,438672,7414,4,16
1,true,forgetting,GlobalProgress,1183,436735,5679,2,16
1,true,forgetting,Contextual,1340,450038,7409,4,16
1,true,no_information,Unchanged,834,169763,7419,5,16
1,true,no_information,GlobalProgress,550,159469,6062,3,16
1,true,no_information,Contextual,573,169200,7410,5,16
1,true,mirrored_future,Unchanged,640,182100,7062,4,16
1,true,mirrored_future,GlobalProgress,580,174534,6074,3,16
1,true,mirrored_future,Contextual,609,177268,6231,4,16
1,true,novel_no_progress,Unchanged,578,180176,7136,6,18
1,true,novel_no_progress,GlobalProgress,565,176001,6588,5,18
1,true,novel_no_progress,Contextual,957,177411,7132,7,18
1,true,context_specific,Unchanged,633,169066,6519,4,14
1,true,context_specific,GlobalProgress,535,155734,5166,3,14
1,true,context_specific,Contextual,610,164320,5682,4,14
1,true,repetition,Unchanged,557,168188,6419,5,14
1,true,repetition,GlobalProgress,526,152270,5154,3,14
1,true,repetition,Contextual,553,167255,6363,5,14
1,true,partial,Unchanged,521,164111,6489,4,14
1,true,partial,GlobalProgress,508,152287,5159,3,14
1,true,partial,Contextual,747,165776,6488,5,14
1,true,conflict,Unchanged,720,183195,7122,6,18
1,true,conflict,GlobalProgress,1069,179017,6574,5,18
1,true,conflict,Contextual,1242,180195,7120,7,18
1,true,cost,Unchanged,601,180166,7136,6,18
1,true,cost,GlobalProgress,603,175991,6588,5,18
1,true,cost,Contextual,572,177401,7132,7,18
1,true,changing_source,Unchanged,740,203798,6016,5,14
1,true,changing_source,GlobalProgress,670,196620,5522,3,14
1,true,changing_source,Contextual,659,203800,6017,5,14
1,true,later_informed,Unchanged,484,158809,6418,5,14
1,true,later_informed,GlobalProgress,448,143334,5159,3,14
1,true,later_informed,Contextual,479,157434,6354,5,14
1,true,ignorance,Unchanged,452,150893,6490,5,14
1,true,ignorance,GlobalProgress,873,141655,5159,3,14
1,true,ignorance,Contextual,480,150672,6481,5,14
1,true,withholding,Unchanged,534,152821,6490,5,14
1,true,withholding,GlobalProgress,498,143577,5159,3,14
1,true,withholding,Contextual,489,152600,6481,5,14
1,true,misleading,Unchanged,585,169101,6524,4,14
1,true,misleading,GlobalProgress,607,155733,5166,3,14
1,true,misleading,Contextual,558,164355,5687,4,14
1,true,changed_circumstances,Unchanged,528,162221,6493,5,14
1,true,changed_circumstances,GlobalProgress,494,156074,5559,4,14
1,true,changed_circumstances,Contextual,510,163899,6507,6,14
1,true,forgetting,Unchanged,1346,423279,6494,5,14
1,true,forgetting,GlobalProgress,1171,413939,5167,3,14
1,true,forgetting,Contextual,1282,424508,6484,5,14
1,true,no_information,Unchanged,485,150898,6490,5,14
1,true,no_information,GlobalProgress,461,141654,5159,3,14
1,true,no_information,Contextual,460,150677,6481,5,14
1,true,mirrored_future,Unchanged,568,173114,6516,3,14
1,true,mirrored_future,GlobalProgress,805,153243,4767,2,14
1,true,mirrored_future,Contextual,561,161763,5259,3,14
2,false,novel_no_progress,Unchanged,862,148818,5297,4,14
2,false,novel_no_progress,GlobalProgress,509,149162,5186,4,14
2,false,novel_no_progress,Contextual,519,145886,5291,5,14
2,false,context_specific,Unchanged,563,137999,4666,3,10
2,false,context_specific,GlobalProgress,458,128854,3770,2,10
2,false,context_specific,Contextual,471,136497,4256,3,10
2,false,repetition,Unchanged,455,132639,4527,4,10
2,false,repetition,GlobalProgress,431,124601,3949,2,10
2,false,repetition,Contextual,466,128152,4465,4,10
2,false,partial,Unchanged,454,134387,4656,4,10
2,false,partial,GlobalProgress,468,138363,4557,2,10
2,false,partial,Contextual,454,135402,4657,4,10
2,false,conflict,Unchanged,491,148110,5277,5,14
2,false,conflict,GlobalProgress,512,151617,5171,4,14
2,false,conflict,Contextual,839,148110,5278,5,14
2,false,cost,Unchanged,708,144602,5279,4,14
2,false,cost,GlobalProgress,509,149182,5186,4,14
2,false,cost,Contextual,503,145906,5291,5,14
2,false,changing_source,Unchanged,651,174067,4306,4,10
2,false,changing_source,GlobalProgress,575,173018,4198,3,10
2,false,changing_source,Contextual,568,174069,4307,4,10
2,false,later_informed,Unchanged,425,126167,4658,5,10
2,false,later_informed,GlobalProgress,401,123705,4401,3,10
2,false,later_informed,Contextual,597,126170,4659,5,10
2,false,ignorance,Unchanged,406,124488,4658,5,10
2,false,ignorance,GlobalProgress,425,120931,4159,3,10
2,false,ignorance,Contextual,391,124491,4659,5,10
2,false,withholding,Unchanged,404,126332,4658,5,10
2,false,withholding,GlobalProgress,422,122857,4159,3,10
2,false,withholding,Contextual,396,126335,4659,5,10
2,false,misleading,Unchanged,471,138019,4668,3,10
2,false,misleading,GlobalProgress,436,128853,3770,2,10
2,false,misleading,Contextual,457,136524,4259,3,10
2,false,changed_circumstances,Unchanged,435,131697,4663,4,10
2,false,changed_circumstances,GlobalProgress,474,132628,4358,3,10
2,false,changed_circumstances,Contextual,917,133498,4471,4,10
2,false,forgetting,Unchanged,1355,391908,4660,3,10
2,false,forgetting,GlobalProgress,1094,402996,4554,2,10
2,false,forgetting,Contextual,1036,393697,4662,4,10
2,false,no_information,Unchanged,384,124493,4658,5,10
2,false,no_information,GlobalProgress,391,120934,4159,3,10
2,false,no_information,Contextual,406,124496,4659,5,10
2,false,mirrored_future,Unchanged,476,138265,4673,4,10
2,false,mirrored_future,GlobalProgress,437,131343,4167,3,10
2,false,mirrored_future,Contextual,459,139045,4677,4,10
2,true,novel_no_progress,Unchanged,808,148548,5282,4,14
2,true,novel_no_progress,GlobalProgress,507,145520,5193,5,14
2,true,novel_no_progress,Contextual,488,145771,5272,5,14
2,true,context_specific,Unchanged,513,138307,4676,4,10
2,true,context_specific,GlobalProgress,481,131347,4167,3,10
2,true,context_specific,Contextual,508,139088,4680,4,10
2,true,repetition,Unchanged,454,129755,4651,4,10
2,true,repetition,GlobalProgress,440,127166,4155,3,10
2,true,repetition,Contextual,455,130415,4652,4,10
2,true,partial,Unchanged,468,129752,4651,4,10
2,true,partial,GlobalProgress,445,127163,4155,3,10
2,true,partial,Contextual,442,130412,4652,4,10
2,true,conflict,Unchanged,482,147953,5260,5,14
2,true,conflict,GlobalProgress,489,148088,5178,5,14
2,true,conflict,Contextual,475,147950,5261,5,14
2,true,cost,Unchanged,502,148541,5282,4,14
2,true,cost,GlobalProgress,834,145510,5193,5,14
2,true,cost,Contextual,584,145764,5272,5,14
2,true,changing_source,Unchanged,898,178991,4641,4,10
2,true,changing_source,GlobalProgress,600,177932,4529,3,10
2,true,changing_source,Contextual,576,178993,4642,4,10
2,true,later_informed,Unchanged,448,126362,4653,5,10
2,true,later_informed,GlobalProgress,406,124924,4538,3,10
2,true,later_informed,Contextual,407,126361,4654,5,10
2,true,ignorance,Unchanged,377,120941,4654,5,10
2,true,ignorance,GlobalProgress,419,117394,4155,3,10
2,true,ignorance,Contextual,393,120942,4655,5,10
2,true,withholding,Unchanged,401,122785,4654,5,10
2,true,withholding,GlobalProgress,391,119320,4155,3,10
2,true,withholding,Contextual,397,122786,4655,5,10
2,true,misleading,Unchanged,508,138334,4679,4,10
2,true,misleading,GlobalProgress,440,131346,4167,3,10
2,true,misleading,Contextual,464,139122,4684,4,10
2,true,changed_circumstances,Unchanged,435,134851,4648,4,10
2,true,changed_circumstances,GlobalProgress,418,128075,4554,4,10
2,true,changed_circumstances,Contextual,425,132117,4644,5,10
2,true,forgetting,Unchanged,1297,392138,4668,4,10
2,true,forgetting,GlobalProgress,1110,392843,4555,3,10
2,true,forgetting,Contextual,1034,383518,4662,4,10
2,true,no_information,Unchanged,421,120946,4654,5,10
2,true,no_information,GlobalProgress,367,117397,4155,3,10
2,true,no_information,Contextual,367,120947,4655,5,10
2,true,mirrored_future,Unchanged,462,138040,4669,3,10
2,true,mirrored_future,GlobalProgress,434,128856,3770,2,10
2,true,mirrored_future,Contextual,450,136539,4259,3,10
2,true,novel_no_progress,Unchanged,919,205696,8187,6,22
2,true,novel_no_progress,GlobalProgress,714,207989,8021,5,22
2,true,novel_no_progress,Contextual,660,202849,8183,7,22
2,true,context_specific,Unchanged,635,180525,7055,3,16
2,true,context_specific,GlobalProgress,585,172038,5675,2,16
2,true,context_specific,Contextual,614,173414,5808,3,16
2,true,repetition,Unchanged,563,172153,7082,4,16
2,true,repetition,GlobalProgress,910,158450,5262,2,16
2,true,repetition,Contextual,648,169670,6667,4,16
2,true,partial,Unchanged,545,162213,6532,4,16
2,true,partial,GlobalProgress,530,152173,5185,2,16
2,true,partial,Contextual,535,162215,6533,4,16
2,true,conflict,Unchanged,696,203517,8156,6,22
2,true,conflict,GlobalProgress,699,203643,7596,5,22
2,true,conflict,Contextual,692,205032,8158,7,22
2,true,cost,Unchanged,724,208068,8363,7,22
2,true,cost,GlobalProgress,748,203174,7806,5,22
2,true,cost,Contextual,868,209302,8356,7,22
2,true,changing_source,Unchanged,757,210848,6319,5,16
2,true,changing_source,GlobalProgress,687,205475,5955,3,16
2,true,changing_source,Contextual,691,210850,6320,5,16
2,true,later_informed,Unchanged,570,171680,7340,5,16
2,true,later_informed,GlobalProgress,507,161152,6062,3,16
2,true,later_informed,Contextual,543,168765,7193,5,16
2,true,ignorance,Unchanged,529,169758,7419,5,16
2,true,ignorance,GlobalProgress,555,159470,6062,3,16
2,true,ignorance,Contextual,506,169195,7410,5,16
2,true,withholding,Unchanged,506,171686,7419,5,16
2,true,withholding,GlobalProgress,506,161476,6062,3,16
2,true,withholding,Contextual,528,171207,7410,5,16
2,true,misleading,Unchanged,644,180219,7056,3,16
2,true,misleading,GlobalProgress,600,172037,5675,2,16
2,true,misleading,Contextual,616,173108,5809,3,16
2,true,changed_circumstances,Unchanged,645,176126,6980,6,16
2,true,changed_circumstances,GlobalProgress,613,166910,5938,4,16
2,true,changed_circumstances,Contextual,601,176130,6981,6,16
2,true,forgetting,Unchanged,1482,438672,7414,4,16
2,true,forgetting,GlobalProgress,1227,436735,5679,2,16
2,true,forgetting,Contextual,1312,450038,7409,4,16
2,true,no_information,Unchanged,875,169763,7419,5,16
2,true,no_information,GlobalProgress,589,159469,6062,3,16
2,true,no_information,Contextual,561,169200,7410,5,16
2,true,mirrored_future,Unchanged,658,182100,7062,4,16
2,true,mirrored_future,GlobalProgress,704,174534,6074,3,16
2,true,mirrored_future,Contextual,708,177268,6231,4,16
2,true,novel_no_progress,Unchanged,1216,180176,7136,6,18
2,true,novel_no_progress,GlobalProgress,616,176001,6588,5,18
2,true,novel_no_progress,Contextual,691,177411,7132,7,18
2,true,context_specific,Unchanged,620,169066,6519,4,14
2,true,context_specific,GlobalProgress,549,155734,5166,3,14
2,true,context_specific,Contextual,559,164320,5682,4,14
2,true,repetition,Unchanged,543,168188,6419,5,14
2,true,repetition,GlobalProgress,494,152270,5154,3,14
2,true,repetition,Contextual,594,167255,6363,5,14
2,true,partial,Unchanged,567,164111,6489,4,14
2,true,partial,GlobalProgress,508,152287,5159,3,14
2,true,partial,Contextual,539,165776,6488,5,14
2,true,conflict,Unchanged,781,183195,7122,6,18
2,true,conflict,GlobalProgress,595,179017,6574,5,18
2,true,conflict,Contextual,577,180195,7120,7,18
2,true,cost,Unchanged,568,180166,7136,6,18
2,true,cost,GlobalProgress,577,175991,6588,5,18
2,true,cost,Contextual,1078,177401,7132,7,18
2,true,changing_source,Unchanged,734,203798,6016,5,14
2,true,changing_source,GlobalProgress,773,196620,5522,3,14
2,true,changing_source,Contextual,694,203800,6017,5,14
2,true,later_informed,Unchanged,502,158809,6418,5,14
2,true,later_informed,GlobalProgress,460,143334,5159,3,14
2,true,later_informed,Contextual,497,157434,6354,5,14
2,true,ignorance,Unchanged,456,150893,6490,5,14
2,true,ignorance,GlobalProgress,704,141655,5159,3,14
2,true,ignorance,Contextual,618,150672,6481,5,14
2,true,withholding,Unchanged,765,152821,6490,5,14
2,true,withholding,GlobalProgress,568,143577,5159,3,14
2,true,withholding,Contextual,520,152600,6481,5,14
2,true,misleading,Unchanged,578,169101,6524,4,14
2,true,misleading,GlobalProgress,530,155733,5166,3,14
2,true,misleading,Contextual,560,164355,5687,4,14
2,true,changed_circumstances,Unchanged,539,162221,6493,5,14
2,true,changed_circumstances,GlobalProgress,683,156074,5559,4,14
2,true,changed_circumstances,Contextual,884,163899,6507,6,14
2,true,forgetting,Unchanged,1851,423279,6494,5,14
2,true,forgetting,GlobalProgress,1252,413939,5167,3,14
2,true,forgetting,Contextual,1200,424508,6484,5,14
2,true,no_information,Unchanged,625,150898,6490,5,14
2,true,no_information,GlobalProgress,463,141654,5159,3,14
2,true,no_information,Contextual,636,150677,6481,5,14
2,true,mirrored_future,Unchanged,696,173114,6516,3,14
2,true,mirrored_future,GlobalProgress,613,153243,4767,2,14
2,true,mirrored_future,Contextual,596,161763,5259,3,14
3,false,novel_no_progress,Unchanged,988,148818,5297,4,14
3,false,novel_no_progress,GlobalProgress,531,149162,5186,4,14
3,false,novel_no_progress,Contextual,509,145886,5291,5,14
3,false,context_specific,Unchanged,531,137999,4666,3,10
3,false,context_specific,GlobalProgress,463,128854,3770,2,10
3,false,context_specific,Contextual,467,136497,4256,3,10
3,false,repetition,Unchanged,501,132639,4527,4,10
3,false,repetition,GlobalProgress,467,124601,3949,2,10
3,false,repetition,Contextual,1021,128152,4465,4,10
3,false,partial,Unchanged,604,134387,4656,4,10
3,false,partial,GlobalProgress,588,138363,4557,2,10
3,false,partial,Contextual,464,135402,4657,4,10
3,false,conflict,Unchanged,522,148110,5277,5,14
3,false,conflict,GlobalProgress,806,151617,5171,4,14
3,false,conflict,Contextual,705,148110,5278,5,14
3,false,cost,Unchanged,1018,144602,5279,4,14
3,false,cost,GlobalProgress,615,149182,5186,4,14
3,false,cost,Contextual,491,145906,5291,5,14
3,false,changing_source,Unchanged,696,174067,4306,4,10
3,false,changing_source,GlobalProgress,576,173018,4198,3,10
3,false,changing_source,Contextual,576,174069,4307,4,10
3,false,later_informed,Unchanged,427,126167,4658,5,10
3,false,later_informed,GlobalProgress,475,123705,4401,3,10
3,false,later_informed,Contextual,528,126170,4659,5,10
3,false,ignorance,Unchanged,513,124488,4658,5,10
3,false,ignorance,GlobalProgress,406,120931,4159,3,10
3,false,ignorance,Contextual,404,124491,4659,5,10
3,false,withholding,Unchanged,412,126332,4658,5,10
3,false,withholding,GlobalProgress,408,122857,4159,3,10
3,false,withholding,Contextual,422,126335,4659,5,10
3,false,misleading,Unchanged,518,138019,4668,3,10
3,false,misleading,GlobalProgress,456,128853,3770,2,10
3,false,misleading,Contextual,464,136524,4259,3,10
3,false,changed_circumstances,Unchanged,514,131697,4663,4,10
3,false,changed_circumstances,GlobalProgress,455,132628,4358,3,10
3,false,changed_circumstances,Contextual,856,133498,4471,4,10
3,false,forgetting,Unchanged,1774,391908,4660,3,10
3,false,forgetting,GlobalProgress,1458,402996,4554,2,10
3,false,forgetting,Contextual,1084,393697,4662,4,10
3,false,no_information,Unchanged,465,124493,4658,5,10
3,false,no_information,GlobalProgress,538,120934,4159,3,10
3,false,no_information,Contextual,579,124496,4659,5,10
3,false,mirrored_future,Unchanged,548,138265,4673,4,10
3,false,mirrored_future,GlobalProgress,468,131343,4167,3,10
3,false,mirrored_future,Contextual,473,139045,4677,4,10
3,true,novel_no_progress,Unchanged,685,148548,5282,4,14
3,true,novel_no_progress,GlobalProgress,495,145520,5193,5,14
3,true,novel_no_progress,Contextual,465,145771,5272,5,14
3,true,context_specific,Unchanged,581,138307,4676,4,10
3,true,context_specific,GlobalProgress,1661,131347,4167,3,10
3,true,context_specific,Contextual,787,139088,4680,4,10
3,true,repetition,Unchanged,827,129755,4651,4,10
3,true,repetition,GlobalProgress,481,127166,4155,3,10
3,true,repetition,Contextual,459,130415,4652,4,10
3,true,partial,Unchanged,457,129752,4651,4,10
3,true,partial,GlobalProgress,441,127163,4155,3,10
3,true,partial,Contextual,459,130412,4652,4,10
3,true,conflict,Unchanged,494,147953,5260,5,14
3,true,conflict,GlobalProgress,530,148088,5178,5,14
3,true,conflict,Contextual,516,147950,5261,5,14
3,true,cost,Unchanged,495,148541,5282,4,14
3,true,cost,GlobalProgress,509,145510,5193,5,14
3,true,cost,Contextual,488,145764,5272,5,14
3,true,changing_source,Unchanged,679,178991,4641,4,10
3,true,changing_source,GlobalProgress,605,177932,4529,3,10
3,true,changing_source,Contextual,595,178993,4642,4,10
3,true,later_informed,Unchanged,442,126362,4653,5,10
3,true,later_informed,GlobalProgress,419,124924,4538,3,10
3,true,later_informed,Contextual,442,126361,4654,5,10
3,true,ignorance,Unchanged,405,120941,4654,5,10
3,true,ignorance,GlobalProgress,387,117394,4155,3,10
3,true,ignorance,Contextual,419,120942,4655,5,10
3,true,withholding,Unchanged,396,122785,4654,5,10
3,true,withholding,GlobalProgress,494,119320,4155,3,10
3,true,withholding,Contextual,483,122786,4655,5,10
3,true,misleading,Unchanged,502,138334,4679,4,10
3,true,misleading,GlobalProgress,485,131346,4167,3,10
3,true,misleading,Contextual,510,139122,4684,4,10
3,true,changed_circumstances,Unchanged,1782,134851,4648,4,10
3,true,changed_circumstances,GlobalProgress,638,128075,4554,4,10
3,true,changed_circumstances,Contextual,566,132117,4644,5,10
3,true,forgetting,Unchanged,1296,392138,4668,4,10
3,true,forgetting,GlobalProgress,1095,392843,4555,3,10
3,true,forgetting,Contextual,1050,383518,4662,4,10
3,true,no_information,Unchanged,884,120946,4654,5,10
3,true,no_information,GlobalProgress,728,117397,4155,3,10
3,true,no_information,Contextual,452,120947,4655,5,10
3,true,mirrored_future,Unchanged,543,138040,4669,3,10
3,true,mirrored_future,GlobalProgress,461,128856,3770,2,10
3,true,mirrored_future,Contextual,683,136539,4259,3,10
3,true,novel_no_progress,Unchanged,768,205696,8187,6,22
3,true,novel_no_progress,GlobalProgress,745,207989,8021,5,22
3,true,novel_no_progress,Contextual,680,202849,8183,7,22
3,true,context_specific,Unchanged,701,180525,7055,3,16
3,true,context_specific,GlobalProgress,612,172038,5675,2,16
3,true,context_specific,Contextual,638,173414,5808,3,16
3,true,repetition,Unchanged,574,172153,7082,4,16
3,true,repetition,GlobalProgress,535,158450,5262,2,16
3,true,repetition,Contextual,570,169670,6667,4,16
3,true,partial,Unchanged,552,162213,6532,4,16
3,true,partial,GlobalProgress,533,152173,5185,2,16
3,true,partial,Contextual,1322,162215,6533,4,16
3,true,conflict,Unchanged,1201,203517,8156,6,22
3,true,conflict,GlobalProgress,786,203643,7596,5,22
3,true,conflict,Contextual,1028,205032,8158,7,22
3,true,cost,Unchanged,720,208068,8363,7,22
3,true,cost,GlobalProgress,722,203174,7806,5,22
3,true,cost,Contextual,947,209302,8356,7,22
3,true,changing_source,Unchanged,1095,210848,6319,5,16
3,true,changing_source,GlobalProgress,710,205475,5955,3,16
3,true,changing_source,Contextual,723,210850,6320,5,16
3,true,later_informed,Unchanged,541,171680,7340,5,16
3,true,later_informed,GlobalProgress,508,161152,6062,3,16
3,true,later_informed,Contextual,552,168765,7193,5,16
3,true,ignorance,Unchanged,1552,169758,7419,5,16
3,true,ignorance,GlobalProgress,867,159470,6062,3,16
3,true,ignorance,Contextual,870,169195,7410,5,16
3,true,withholding,Unchanged,563,171686,7419,5,16
3,true,withholding,GlobalProgress,519,161476,6062,3,16
3,true,withholding,Contextual,547,171207,7410,5,16
3,true,misleading,Unchanged,746,180219,7056,3,16
3,true,misleading,GlobalProgress,613,172037,5675,2,16
3,true,misleading,Contextual,1003,173108,5809,3,16
3,true,changed_circumstances,Unchanged,755,176126,6980,6,16
3,true,changed_circumstances,GlobalProgress,588,166910,5938,4,16
3,true,changed_circumstances,Contextual,612,176130,6981,6,16
3,true,forgetting,Unchanged,1343,438672,7414,4,16
3,true,forgetting,GlobalProgress,1165,436735,5679,2,16
3,true,forgetting,Contextual,1300,450038,7409,4,16
3,true,no_information,Unchanged,535,169763,7419,5,16
3,true,no_information,GlobalProgress,492,159469,6062,3,16
3,true,no_information,Contextual,504,169200,7410,5,16
3,true,mirrored_future,Unchanged,632,182100,7062,4,16
3,true,mirrored_future,GlobalProgress,580,174534,6074,3,16
3,true,mirrored_future,Contextual,654,177268,6231,4,16
3,true,novel_no_progress,Unchanged,590,180176,7136,6,18
3,true,novel_no_progress,GlobalProgress,1449,176001,6588,5,18
3,true,novel_no_progress,Contextual,784,177411,7132,7,18
3,true,context_specific,Unchanged,671,169066,6519,4,14
3,true,context_specific,GlobalProgress,554,155734,5166,3,14
3,true,context_specific,Contextual,549,164320,5682,4,14
3,true,repetition,Unchanged,541,168188,6419,5,14
3,true,repetition,GlobalProgress,635,152270,5154,3,14
3,true,repetition,Contextual,1209,167255,6363,5,14
3,true,partial,Unchanged,627,164111,6489,4,14
3,true,partial,GlobalProgress,815,152287,5159,3,14
3,true,partial,Contextual,602,165776,6488,5,14
3,true,conflict,Unchanged,629,183195,7122,6,18
3,true,conflict,GlobalProgress,619,179017,6574,5,18
3,true,conflict,Contextual,583,180195,7120,7,18
3,true,cost,Unchanged,740,180166,7136,6,18
3,true,cost,GlobalProgress,599,175991,6588,5,18
3,true,cost,Contextual,575,177401,7132,7,18
3,true,changing_source,Unchanged,686,203798,6016,5,14
3,true,changing_source,GlobalProgress,634,196620,5522,3,14
3,true,changing_source,Contextual,659,203800,6017,5,14
3,true,later_informed,Unchanged,513,158809,6418,5,14
3,true,later_informed,GlobalProgress,445,143334,5159,3,14
3,true,later_informed,Contextual,487,157434,6354,5,14
3,true,ignorance,Unchanged,1866,150893,6490,5,14
3,true,ignorance,GlobalProgress,688,141655,5159,3,14
3,true,ignorance,Contextual,499,150672,6481,5,14
3,true,withholding,Unchanged,536,152821,6490,5,14
3,true,withholding,GlobalProgress,469,143577,5159,3,14
3,true,withholding,Contextual,482,152600,6481,5,14
3,true,misleading,Unchanged,918,169101,6524,4,14
3,true,misleading,GlobalProgress,593,155733,5166,3,14
3,true,misleading,Contextual,581,164355,5687,4,14
3,true,changed_circumstances,Unchanged,991,162221,6493,5,14
3,true,changed_circumstances,GlobalProgress,614,156074,5559,4,14
3,true,changed_circumstances,Contextual,582,163899,6507,6,14
3,true,forgetting,Unchanged,1786,423279,6494,5,14
3,true,forgetting,GlobalProgress,1459,413939,5167,3,14
3,true,forgetting,Contextual,2851,424508,6484,5,14
3,true,no_information,Unchanged,678,150898,6490,5,14
3,true,no_information,GlobalProgress,523,141654,5159,3,14
3,true,no_information,Contextual,467,150677,6481,5,14
3,true,mirrored_future,Unchanged,596,173114,6516,3,14
3,true,mirrored_future,GlobalProgress,524,153243,4767,2,14
3,true,mirrored_future,Contextual,648,161763,5259,3,14
4,false,novel_no_progress,Unchanged,856,148818,5297,4,14
4,false,novel_no_progress,GlobalProgress,503,149162,5186,4,14
4,false,novel_no_progress,Contextual,495,145886,5291,5,14
4,false,context_specific,Unchanged,548,137999,4666,3,10
4,false,context_specific,GlobalProgress,537,128854,3770,2,10
4,false,context_specific,Contextual,474,136497,4256,3,10
4,false,repetition,Unchanged,479,132639,4527,4,10
4,false,repetition,GlobalProgress,437,124601,3949,2,10
4,false,repetition,Contextual,457,128152,4465,4,10
4,false,partial,Unchanged,457,134387,4656,4,10
4,false,partial,GlobalProgress,461,138363,4557,2,10
4,false,partial,Contextual,447,135402,4657,4,10
4,false,conflict,Unchanged,506,148110,5277,5,14
4,false,conflict,GlobalProgress,497,151617,5171,4,14
4,false,conflict,Contextual,498,148110,5278,5,14
4,false,cost,Unchanged,721,144602,5279,4,14
4,false,cost,GlobalProgress,588,149182,5186,4,14
4,false,cost,Contextual,769,145906,5291,5,14
4,false,changing_source,Unchanged,677,174067,4306,4,10
4,false,changing_source,GlobalProgress,587,173018,4198,3,10
4,false,changing_source,Contextual,576,174069,4307,4,10
4,false,later_informed,Unchanged,397,126167,4658,5,10
4,false,later_informed,GlobalProgress,416,123705,4401,3,10
4,false,later_informed,Contextual,402,126170,4659,5,10
4,false,ignorance,Unchanged,778,124488,4658,5,10
4,false,ignorance,GlobalProgress,426,120931,4159,3,10
4,false,ignorance,Contextual,439,124491,4659,5,10
4,false,withholding,Unchanged,422,126332,4658,5,10
4,false,withholding,GlobalProgress,577,122857,4159,3,10
4,false,withholding,Contextual,657,126335,4659,5,10
4,false,misleading,Unchanged,519,138019,4668,3,10
4,false,misleading,GlobalProgress,446,128853,3770,2,10
4,false,misleading,Contextual,482,136524,4259,3,10
4,false,changed_circumstances,Unchanged,444,131697,4663,4,10
4,false,changed_circumstances,GlobalProgress,467,132628,4358,3,10
4,false,changed_circumstances,Contextual,485,133498,4471,4,10
4,false,forgetting,Unchanged,1324,391908,4660,3,10
4,false,forgetting,GlobalProgress,1222,402996,4554,2,10
4,false,forgetting,Contextual,1105,393697,4662,4,10
4,false,no_information,Unchanged,432,124493,4658,5,10
4,false,no_information,GlobalProgress,395,120934,4159,3,10
4,false,no_information,Contextual,1031,124496,4659,5,10
4,false,mirrored_future,Unchanged,716,138265,4673,4,10
4,false,mirrored_future,GlobalProgress,484,131343,4167,3,10
4,false,mirrored_future,Contextual,485,139045,4677,4,10
4,true,novel_no_progress,Unchanged,620,148548,5282,4,14
4,true,novel_no_progress,GlobalProgress,488,145520,5193,5,14
4,true,novel_no_progress,Contextual,463,145771,5272,5,14
4,true,context_specific,Unchanged,490,138307,4676,4,10
4,true,context_specific,GlobalProgress,702,131347,4167,3,10
4,true,context_specific,Contextual,502,139088,4680,4,10
4,true,repetition,Unchanged,515,129755,4651,4,10
4,true,repetition,GlobalProgress,459,127166,4155,3,10
4,true,repetition,Contextual,455,130415,4652,4,10
4,true,partial,Unchanged,457,129752,4651,4,10
4,true,partial,GlobalProgress,425,127163,4155,3,10
4,true,partial,Contextual,442,130412,4652,4,10
4,true,conflict,Unchanged,488,147953,5260,5,14
4,true,conflict,GlobalProgress,512,148088,5178,5,14
4,true,conflict,Contextual,478,147950,5261,5,14
4,true,cost,Unchanged,1934,148541,5282,4,14
4,true,cost,GlobalProgress,555,145510,5193,5,14
4,true,cost,Contextual,492,145764,5272,5,14
4,true,changing_source,Unchanged,711,178991,4641,4,10
4,true,changing_source,GlobalProgress,597,177932,4529,3,10
4,true,changing_source,Contextual,584,178993,4642,4,10
4,true,later_informed,Unchanged,413,126362,4653,5,10
4,true,later_informed,GlobalProgress,415,124924,4538,3,10
4,true,later_informed,Contextual,407,126361,4654,5,10
4,true,ignorance,Unchanged,398,120941,4654,5,10
4,true,ignorance,GlobalProgress,407,117394,4155,3,10
4,true,ignorance,Contextual,403,120942,4655,5,10
4,true,withholding,Unchanged,429,122785,4654,5,10
4,true,withholding,GlobalProgress,393,119320,4155,3,10
4,true,withholding,Contextual,398,122786,4655,5,10
4,true,misleading,Unchanged,548,138334,4679,4,10
4,true,misleading,GlobalProgress,471,131346,4167,3,10
4,true,misleading,Contextual,466,139122,4684,4,10
4,true,changed_circumstances,Unchanged,442,134851,4648,4,10
4,true,changed_circumstances,GlobalProgress,484,128075,4554,4,10
4,true,changed_circumstances,Contextual,443,132117,4644,5,10
4,true,forgetting,Unchanged,1378,392138,4668,4,10
4,true,forgetting,GlobalProgress,1137,392843,4555,3,10
4,true,forgetting,Contextual,1128,383518,4662,4,10
4,true,no_information,Unchanged,390,120946,4654,5,10
4,true,no_information,GlobalProgress,364,117397,4155,3,10
4,true,no_information,Contextual,371,120947,4655,5,10
4,true,mirrored_future,Unchanged,458,138040,4669,3,10
4,true,mirrored_future,GlobalProgress,428,128856,3770,2,10
4,true,mirrored_future,Contextual,1729,136539,4259,3,10
4,true,novel_no_progress,Unchanged,1109,205696,8187,6,22
4,true,novel_no_progress,GlobalProgress,747,207989,8021,5,22
4,true,novel_no_progress,Contextual,676,202849,8183,7,22
4,true,context_specific,Unchanged,816,180525,7055,3,16
4,true,context_specific,GlobalProgress,619,172038,5675,2,16
4,true,context_specific,Contextual,896,173414,5808,3,16
4,true,repetition,Unchanged,1473,172153,7082,4,16
4,true,repetition,GlobalProgress,676,158450,5262,2,16
4,true,repetition,Contextual,574,169670,6667,4,16
4,true,partial,Unchanged,1109,162213,6532,4,16
4,true,partial,GlobalProgress,595,152173,5185,2,16
4,true,partial,Contextual,578,162215,6533,4,16
4,true,conflict,Unchanged,758,203517,8156,6,22
4,true,conflict,GlobalProgress,798,203643,7596,5,22
4,true,conflict,Contextual,771,205032,8158,7,22
4,true,cost,Unchanged,687,208068,8363,7,22
4,true,cost,GlobalProgress,815,203174,7806,5,22
4,true,cost,Contextual,718,209302,8356,7,22
4,true,changing_source,Unchanged,891,210848,6319,5,16
4,true,changing_source,GlobalProgress,877,205475,5955,3,16
4,true,changing_source,Contextual,767,210850,6320,5,16
4,true,later_informed,Unchanged,537,171680,7340,5,16
4,true,later_informed,GlobalProgress,506,161152,6062,3,16
4,true,later_informed,Contextual,528,168765,7193,5,16
4,true,ignorance,Unchanged,507,169758,7419,5,16
4,true,ignorance,GlobalProgress,489,159470,6062,3,16
4,true,ignorance,Contextual,515,169195,7410,5,16
4,true,withholding,Unchanged,1208,171686,7419,5,16
4,true,withholding,GlobalProgress,541,161476,6062,3,16
4,true,withholding,Contextual,767,171207,7410,5,16
4,true,misleading,Unchanged,666,180219,7056,3,16
4,true,misleading,GlobalProgress,588,172037,5675,2,16
4,true,misleading,Contextual,629,173108,5809,3,16
4,true,changed_circumstances,Unchanged,603,176126,6980,6,16
4,true,changed_circumstances,GlobalProgress,1953,166910,5938,4,16
4,true,changed_circumstances,Contextual,1982,176130,6981,6,16
4,true,forgetting,Unchanged,1843,438672,7414,4,16
4,true,forgetting,GlobalProgress,1393,436735,5679,2,16
4,true,forgetting,Contextual,1791,450038,7409,4,16
4,true,no_information,Unchanged,678,169763,7419,5,16
4,true,no_information,GlobalProgress,503,159469,6062,3,16
4,true,no_information,Contextual,513,169200,7410,5,16
4,true,mirrored_future,Unchanged,664,182100,7062,4,16
4,true,mirrored_future,GlobalProgress,1020,174534,6074,3,16
4,true,mirrored_future,Contextual,723,177268,6231,4,16
4,true,novel_no_progress,Unchanged,640,180176,7136,6,18
4,true,novel_no_progress,GlobalProgress,575,176001,6588,5,18
4,true,novel_no_progress,Contextual,571,177411,7132,7,18
4,true,context_specific,Unchanged,595,169066,6519,4,14
4,true,context_specific,GlobalProgress,518,155734,5166,3,14
4,true,context_specific,Contextual,546,164320,5682,4,14
4,true,repetition,Unchanged,531,168188,6419,5,14
4,true,repetition,GlobalProgress,2313,152270,5154,3,14
4,true,repetition,Contextual,948,167255,6363,5,14
4,true,partial,Unchanged,619,164111,6489,4,14
4,true,partial,GlobalProgress,551,152287,5159,3,14
4,true,partial,Contextual,796,165776,6488,5,14
4,true,conflict,Unchanged,642,183195,7122,6,18
4,true,conflict,GlobalProgress,611,179017,6574,5,18
4,true,conflict,Contextual,1065,180195,7120,7,18
4,true,cost,Unchanged,785,180166,7136,6,18
4,true,cost,GlobalProgress,930,175991,6588,5,18
4,true,cost,Contextual,929,177401,7132,7,18
4,true,changing_source,Unchanged,760,203798,6016,5,14
4,true,changing_source,GlobalProgress,646,196620,5522,3,14
4,true,changing_source,Contextual,1183,203800,6017,5,14
4,true,later_informed,Unchanged,529,158809,6418,5,14
4,true,later_informed,GlobalProgress,749,143334,5159,3,14
4,true,later_informed,Contextual,557,157434,6354,5,14
4,true,ignorance,Unchanged,498,150893,6490,5,14
4,true,ignorance,GlobalProgress,473,141655,5159,3,14
4,true,ignorance,Contextual,465,150672,6481,5,14
4,true,withholding,Unchanged,488,152821,6490,5,14
4,true,withholding,GlobalProgress,514,143577,5159,3,14
4,true,withholding,Contextual,1091,152600,6481,5,14
4,true,misleading,Unchanged,1018,169101,6524,4,14
4,true,misleading,GlobalProgress,570,155733,5166,3,14
4,true,misleading,Contextual,856,164355,5687,4,14
4,true,changed_circumstances,Unchanged,567,162221,6493,5,14
4,true,changed_circumstances,GlobalProgress,535,156074,5559,4,14
4,true,changed_circumstances,Contextual,540,163899,6507,6,14
4,true,forgetting,Unchanged,2703,423279,6494,5,14
4,true,forgetting,GlobalProgress,1558,413939,5167,3,14
4,true,forgetting,Contextual,1167,424508,6484,5,14
4,true,no_information,Unchanged,528,150898,6490,5,14
4,true,no_information,GlobalProgress,436,141654,5159,3,14
4,true,no_information,Contextual,1741,150677,6481,5,14
4,true,mirrored_future,Unchanged,968,173114,6516,3,14
4,true,mirrored_future,GlobalProgress,561,153243,4767,2,14
4,true,mirrored_future,Contextual,839,161763,5259,3,14
5,false,novel_no_progress,Unchanged,918,148818,5297,4,14
5,false,novel_no_progress,GlobalProgress,510,149162,5186,4,14
5,false,novel_no_progress,Contextual,533,145886,5291,5,14
5,false,context_specific,Unchanged,551,137999,4666,3,10
5,false,context_specific,GlobalProgress,452,128854,3770,2,10
5,false,context_specific,Contextual,462,136497,4256,3,10
5,false,repetition,Unchanged,470,132639,4527,4,10
5,false,repetition,GlobalProgress,447,124601,3949,2,10
5,false,repetition,Contextual,455,128152,4465,4,10
5,false,partial,Unchanged,461,134387,4656,4,10
5,false,partial,GlobalProgress,481,138363,4557,2,10
5,false,partial,Contextual,480,135402,4657,4,10
5,false,conflict,Unchanged,511,148110,5277,5,14
5,false,conflict,GlobalProgress,527,151617,5171,4,14
5,false,conflict,Contextual,538,148110,5278,5,14
5,false,cost,Unchanged,489,144602,5279,4,14
5,false,cost,GlobalProgress,641,149182,5186,4,14
5,false,cost,Contextual,573,145906,5291,5,14
5,false,changing_source,Unchanged,618,174067,4306,4,10
5,false,changing_source,GlobalProgress,577,173018,4198,3,10
5,false,changing_source,Contextual,968,174069,4307,4,10
5,false,later_informed,Unchanged,700,126167,4658,5,10
5,false,later_informed,GlobalProgress,479,123705,4401,3,10
5,false,later_informed,Contextual,451,126170,4659,5,10
5,false,ignorance,Unchanged,437,124488,4658,5,10
5,false,ignorance,GlobalProgress,411,120931,4159,3,10
5,false,ignorance,Contextual,411,124491,4659,5,10
5,false,withholding,Unchanged,434,126332,4658,5,10
5,false,withholding,GlobalProgress,424,122857,4159,3,10
5,false,withholding,Contextual,517,126335,4659,5,10
5,false,misleading,Unchanged,670,138019,4668,3,10
5,false,misleading,GlobalProgress,601,128853,3770,2,10
5,false,misleading,Contextual,553,136524,4259,3,10
5,false,changed_circumstances,Unchanged,664,131697,4663,4,10
5,false,changed_circumstances,GlobalProgress,543,132628,4358,3,10
5,false,changed_circumstances,Contextual,506,133498,4471,4,10
5,false,forgetting,Unchanged,1283,391908,4660,3,10
5,false,forgetting,GlobalProgress,1490,402996,4554,2,10
5,false,forgetting,Contextual,1431,393697,4662,4,10
5,false,no_information,Unchanged,593,124493,4658,5,10
5,false,no_information,GlobalProgress,637,120934,4159,3,10
5,false,no_information,Contextual,419,124496,4659,5,10
5,false,mirrored_future,Unchanged,510,138265,4673,4,10
5,false,mirrored_future,GlobalProgress,468,131343,4167,3,10
5,false,mirrored_future,Contextual,816,139045,4677,4,10
5,true,novel_no_progress,Unchanged,706,148548,5282,4,14
5,true,novel_no_progress,GlobalProgress,503,145520,5193,5,14
5,true,novel_no_progress,Contextual,488,145771,5272,5,14
5,true,context_specific,Unchanged,494,138307,4676,4,10
5,true,context_specific,GlobalProgress,457,131347,4167,3,10
5,true,context_specific,Contextual,488,139088,4680,4,10
5,true,repetition,Unchanged,845,129755,4651,4,10
5,true,repetition,GlobalProgress,549,127166,4155,3,10
5,true,repetition,Contextual,546,130415,4652,4,10
5,true,partial,Unchanged,477,129752,4651,4,10
5,true,partial,GlobalProgress,465,127163,4155,3,10
5,true,partial,Contextual,449,130412,4652,4,10
5,true,conflict,Unchanged,511,147953,5260,5,14
5,true,conflict,GlobalProgress,524,148088,5178,5,14
5,true,conflict,Contextual,517,147950,5261,5,14
5,true,cost,Unchanged,507,148541,5282,4,14
5,true,cost,GlobalProgress,525,145510,5193,5,14
5,true,cost,Contextual,1311,145764,5272,5,14
5,true,changing_source,Unchanged,723,178991,4641,4,10
5,true,changing_source,GlobalProgress,635,177932,4529,3,10
5,true,changing_source,Contextual,637,178993,4642,4,10
5,true,later_informed,Unchanged,441,126362,4653,5,10
5,true,later_informed,GlobalProgress,419,124924,4538,3,10
5,true,later_informed,Contextual,445,126361,4654,5,10
5,true,ignorance,Unchanged,459,120941,4654,5,10
5,true,ignorance,GlobalProgress,1212,117394,4155,3,10
5,true,ignorance,Contextual,486,120942,4655,5,10
5,true,withholding,Unchanged,423,122785,4654,5,10
5,true,withholding,GlobalProgress,515,119320,4155,3,10
5,true,withholding,Contextual,406,122786,4655,5,10
5,true,misleading,Unchanged,511,138334,4679,4,10
5,true,misleading,GlobalProgress,495,131346,4167,3,10
5,true,misleading,Contextual,491,139122,4684,4,10
5,true,changed_circumstances,Unchanged,452,134851,4648,4,10
5,true,changed_circumstances,GlobalProgress,438,128075,4554,4,10
5,true,changed_circumstances,Contextual,900,132117,4644,5,10
5,true,forgetting,Unchanged,1609,392138,4668,4,10
5,true,forgetting,GlobalProgress,1210,392843,4555,3,10
5,true,forgetting,Contextual,1258,383518,4662,4,10
5,true,no_information,Unchanged,407,120946,4654,5,10
5,true,no_information,GlobalProgress,1690,117397,4155,3,10
5,true,no_information,Contextual,687,120947,4655,5,10
5,true,mirrored_future,Unchanged,664,138040,4669,3,10
5,true,mirrored_future,GlobalProgress,472,128856,3770,2,10
5,true,mirrored_future,Contextual,463,136539,4259,3,10
5,true,novel_no_progress,Unchanged,726,205696,8187,6,22
5,true,novel_no_progress,GlobalProgress,713,207989,8021,5,22
5,true,novel_no_progress,Contextual,1222,202849,8183,7,22
5,true,context_specific,Unchanged,870,180525,7055,3,16
5,true,context_specific,GlobalProgress,852,172038,5675,2,16
5,true,context_specific,Contextual,647,173414,5808,3,16
5,true,repetition,Unchanged,597,172153,7082,4,16
5,true,repetition,GlobalProgress,549,158450,5262,2,16
5,true,repetition,Contextual,603,169670,6667,4,16
5,true,partial,Unchanged,558,162213,6532,4,16
5,true,partial,GlobalProgress,755,152173,5185,2,16
5,true,partial,Contextual,596,162215,6533,4,16
5,true,conflict,Unchanged,762,203517,8156,6,22
5,true,conflict,GlobalProgress,747,203643,7596,5,22
5,true,conflict,Contextual,944,205032,8158,7,22
5,true,cost,Unchanged,726,208068,8363,7,22
5,true,cost,GlobalProgress,1146,203174,7806,5,22
5,true,cost,Contextual,2175,209302,8356,7,22
5,true,changing_source,Unchanged,921,210848,6319,5,16
5,true,changing_source,GlobalProgress,724,205475,5955,3,16
5,true,changing_source,Contextual,1105,210850,6320,5,16
5,true,later_informed,Unchanged,692,171680,7340,5,16
5,true,later_informed,GlobalProgress,526,161152,6062,3,16
5,true,later_informed,Contextual,620,168765,7193,5,16
5,true,ignorance,Unchanged,831,169758,7419,5,16
5,true,ignorance,GlobalProgress,547,159470,6062,3,16
5,true,ignorance,Contextual,644,169195,7410,5,16
5,true,withholding,Unchanged,596,171686,7419,5,16
5,true,withholding,GlobalProgress,532,161476,6062,3,16
5,true,withholding,Contextual,714,171207,7410,5,16
5,true,misleading,Unchanged,910,180219,7056,3,16
5,true,misleading,GlobalProgress,1932,172037,5675,2,16
5,true,misleading,Contextual,724,173108,5809,3,16
5,true,changed_circumstances,Unchanged,883,176126,6980,6,16
5,true,changed_circumstances,GlobalProgress,609,166910,5938,4,16
5,true,changed_circumstances,Contextual,634,176130,6981,6,16
5,true,forgetting,Unchanged,1416,438672,7414,4,16
5,true,forgetting,GlobalProgress,1518,436735,5679,2,16
5,true,forgetting,Contextual,1453,450038,7409,4,16
5,true,no_information,Unchanged,631,169763,7419,5,16
5,true,no_information,GlobalProgress,515,159469,6062,3,16
5,true,no_information,Contextual,509,169200,7410,5,16
5,true,mirrored_future,Unchanged,656,182100,7062,4,16
5,true,mirrored_future,GlobalProgress,670,174534,6074,3,16
5,true,mirrored_future,Contextual,661,177268,6231,4,16
5,true,novel_no_progress,Unchanged,624,180176,7136,6,18
5,true,novel_no_progress,GlobalProgress,687,176001,6588,5,18
5,true,novel_no_progress,Contextual,626,177411,7132,7,18
5,true,context_specific,Unchanged,630,169066,6519,4,14
5,true,context_specific,GlobalProgress,535,155734,5166,3,14
5,true,context_specific,Contextual,590,164320,5682,4,14
5,true,repetition,Unchanged,561,168188,6419,5,14
5,true,repetition,GlobalProgress,739,152270,5154,3,14
5,true,repetition,Contextual,666,167255,6363,5,14
5,true,partial,Unchanged,954,164111,6489,4,14
5,true,partial,GlobalProgress,560,152287,5159,3,14
5,true,partial,Contextual,579,165776,6488,5,14
5,true,conflict,Unchanged,671,183195,7122,6,18
5,true,conflict,GlobalProgress,614,179017,6574,5,18
5,true,conflict,Contextual,592,180195,7120,7,18
5,true,cost,Unchanged,1759,180166,7136,6,18
5,true,cost,GlobalProgress,708,175991,6588,5,18
5,true,cost,Contextual,912,177401,7132,7,18
5,true,changing_source,Unchanged,775,203798,6016,5,14
5,true,changing_source,GlobalProgress,679,196620,5522,3,14
5,true,changing_source,Contextual,816,203800,6017,5,14
5,true,later_informed,Unchanged,515,158809,6418,5,14
5,true,later_informed,GlobalProgress,493,143334,5159,3,14
5,true,later_informed,Contextual,510,157434,6354,5,14
5,true,ignorance,Unchanged,545,150893,6490,5,14
5,true,ignorance,GlobalProgress,575,141655,5159,3,14
5,true,ignorance,Contextual,463,150672,6481,5,14
5,true,withholding,Unchanged,724,152821,6490,5,14
5,true,withholding,GlobalProgress,523,143577,5159,3,14
5,true,withholding,Contextual,535,152600,6481,5,14
5,true,misleading,Unchanged,615,169101,6524,4,14
5,true,misleading,GlobalProgress,842,155733,5166,3,14
5,true,misleading,Contextual,1126,164355,5687,4,14
5,true,changed_circumstances,Unchanged,840,162221,6493,5,14
5,true,changed_circumstances,GlobalProgress,564,156074,5559,4,14
5,true,changed_circumstances,Contextual,554,163899,6507,6,14
5,true,forgetting,Unchanged,1308,423279,6494,5,14
5,true,forgetting,GlobalProgress,1076,413939,5167,3,14
5,true,forgetting,Contextual,1347,424508,6484,5,14
5,true,no_information,Unchanged,551,150898,6490,5,14
5,true,no_information,GlobalProgress,682,141654,5159,3,14
5,true,no_information,Contextual,480,150677,6481,5,14
5,true,mirrored_future,Unchanged,669,173114,6516,3,14
5,true,mirrored_future,GlobalProgress,732,153243,4767,2,14
5,true,mirrored_future,Contextual,2502,161763,5259,3,14
6,false,novel_no_progress,Unchanged,1077,148818,5297,4,14
6,false,novel_no_progress,GlobalProgress,843,149162,5186,4,14
6,false,novel_no_progress,Contextual,672,145886,5291,5,14
6,false,context_specific,Unchanged,608,137999,4666,3,10
6,false,context_specific,GlobalProgress,477,128854,3770,2,10
6,false,context_specific,Contextual,681,136497,4256,3,10
6,false,repetition,Unchanged,711,132639,4527,4,10
6,false,repetition,GlobalProgress,682,124601,3949,2,10
6,false,repetition,Contextual,774,128152,4465,4,10
6,false,partial,Unchanged,481,134387,4656,4,10
6,false,partial,GlobalProgress,488,138363,4557,2,10
6,false,partial,Contextual,476,135402,4657,4,10
6,false,conflict,Unchanged,542,148110,5277,5,14
6,false,conflict,GlobalProgress,512,151617,5171,4,14
6,false,conflict,Contextual,504,148110,5278,5,14
6,false,cost,Unchanged,486,144602,5279,4,14
6,false,cost,GlobalProgress,1346,149182,5186,4,14
6,false,cost,Contextual,545,145906,5291,5,14
6,false,changing_source,Unchanged,1092,174067,4306,4,10
6,false,changing_source,GlobalProgress,749,173018,4198,3,10
6,false,changing_source,Contextual,616,174069,4307,4,10
6,false,later_informed,Unchanged,499,126167,4658,5,10
6,false,later_informed,GlobalProgress,442,123705,4401,3,10
6,false,later_informed,Contextual,449,126170,4659,5,10
6,false,ignorance,Unchanged,1019,124488,4658,5,10
6,false,ignorance,GlobalProgress,551,120931,4159,3,10
6,false,ignorance,Contextual,429,124491,4659,5,10
6,false,withholding,Unchanged,429,126332,4658,5,10
6,false,withholding,GlobalProgress,733,122857,4159,3,10
6,false,withholding,Contextual,666,126335,4659,5,10
6,false,misleading,Unchanged,877,138019,4668,3,10
6,false,misleading,GlobalProgress,723,128853,3770,2,10
6,false,misleading,Contextual,590,136524,4259,3,10
6,false,changed_circumstances,Unchanged,495,131697,4663,4,10
6,false,changed_circumstances,GlobalProgress,615,132628,4358,3,10
6,false,changed_circumstances,Contextual,491,133498,4471,4,10
6,false,forgetting,Unchanged,1492,391908,4660,3,10
6,false,forgetting,GlobalProgress,1719,402996,4554,2,10
6,false,forgetting,Contextual,1720,393697,4662,4,10
6,false,no_information,Unchanged,602,124493,4658,5,10
6,false,no_information,GlobalProgress,413,120934,4159,3,10
6,false,no_information,Contextual,405,124496,4659,5,10
6,false,mirrored_future,Unchanged,493,138265,4673,4,10
6,false,mirrored_future,GlobalProgress,503,131343,4167,3,10
6,false,mirrored_future,Contextual,474,139045,4677,4,10
6,true,novel_no_progress,Unchanged,608,148548,5282,4,14
6,true,novel_no_progress,GlobalProgress,484,145520,5193,5,14
6,true,novel_no_progress,Contextual,508,145771,5272,5,14
6,true,context_specific,Unchanged,596,138307,4676,4,10
6,true,context_specific,GlobalProgress,482,131347,4167,3,10
6,true,context_specific,Contextual,485,139088,4680,4,10
6,true,repetition,Unchanged,460,129755,4651,4,10
6,true,repetition,GlobalProgress,488,127166,4155,3,10
6,true,repetition,Contextual,451,130415,4652,4,10
6,true,partial,Unchanged,455,129752,4651,4,10
6,true,partial,GlobalProgress,425,127163,4155,3,10
6,true,partial,Contextual,433,130412,4652,4,10
6,true,conflict,Unchanged,1985,147953,5260,5,14
6,true,conflict,GlobalProgress,560,148088,5178,5,14
6,true,conflict,Contextual,505,147950,5261,5,14
6,true,cost,Unchanged,485,148541,5282,4,14
6,true,cost,GlobalProgress,516,145510,5193,5,14
6,true,cost,Contextual,485,145764,5272,5,14
6,true,changing_source,Unchanged,630,178991,4641,4,10
6,true,changing_source,GlobalProgress,621,177932,4529,3,10
6,true,changing_source,Contextual,578,178993,4642,4,10
6,true,later_informed,Unchanged,413,126362,4653,5,10
6,true,later_informed,GlobalProgress,403,124924,4538,3,10
6,true,later_informed,Contextual,396,126361,4654,5,10
6,true,ignorance,Unchanged,383,120941,4654,5,10
6,true,ignorance,GlobalProgress,389,117394,4155,3,10
6,true,ignorance,Contextual,403,120942,4655,5,10
6,true,withholding,Unchanged,384,122785,4654,5,10
6,true,withholding,GlobalProgress,386,119320,4155,3,10
6,true,withholding,Contextual,393,122786,4655,5,10
6,true,misleading,Unchanged,477,138334,4679,4,10
6,true,misleading,GlobalProgress,458,131346,4167,3,10
6,true,misleading,Contextual,473,139122,4684,4,10
6,true,changed_circumstances,Unchanged,439,134851,4648,4,10
6,true,changed_circumstances,GlobalProgress,429,128075,4554,4,10
6,true,changed_circumstances,Contextual,438,132117,4644,5,10
6,true,forgetting,Unchanged,1149,392138,4668,4,10
6,true,forgetting,GlobalProgress,1075,392843,4555,3,10
6,true,forgetting,Contextual,1057,383518,4662,4,10
6,true,no_information,Unchanged,389,120946,4654,5,10
6,true,no_information,GlobalProgress,360,117397,4155,3,10
6,true,no_information,Contextual,366,120947,4655,5,10
6,true,mirrored_future,Unchanged,1025,138040,4669,3,10
6,true,mirrored_future,GlobalProgress,869,128856,3770,2,10
6,true,mirrored_future,Contextual,754,136539,4259,3,10
6,true,novel_no_progress,Unchanged,824,205696,8187,6,22
6,true,novel_no_progress,GlobalProgress,764,207989,8021,5,22
6,true,novel_no_progress,Contextual,693,202849,8183,7,22
6,true,context_specific,Unchanged,645,180525,7055,3,16
6,true,context_specific,GlobalProgress,593,172038,5675,2,16
6,true,context_specific,Contextual,924,173414,5808,3,16
6,true,repetition,Unchanged,609,172153,7082,4,16
6,true,repetition,GlobalProgress,558,158450,5262,2,16
6,true,repetition,Contextual,585,169670,6667,4,16
6,true,partial,Unchanged,532,162213,6532,4,16
6,true,partial,GlobalProgress,532,152173,5185,2,16
6,true,partial,Contextual,533,162215,6533,4,16
6,true,conflict,Unchanged,729,203517,8156,6,22
6,true,conflict,GlobalProgress,893,203643,7596,5,22
6,true,conflict,Contextual,914,205032,8158,7,22
6,true,cost,Unchanged,752,208068,8363,7,22
6,true,cost,GlobalProgress,698,203174,7806,5,22
6,true,cost,Contextual,673,209302,8356,7,22
6,true,changing_source,Unchanged,733,210848,6319,5,16
6,true,changing_source,GlobalProgress,824,205475,5955,3,16
6,true,changing_source,Contextual,716,210850,6320,5,16
6,true,later_informed,Unchanged,534,171680,7340,5,16
6,true,later_informed,GlobalProgress,502,161152,6062,3,16
6,true,later_informed,Contextual,542,168765,7193,5,16
6,true,ignorance,Unchanged,531,169758,7419,5,16
6,true,ignorance,GlobalProgress,495,159470,6062,3,16
6,true,ignorance,Contextual,500,169195,7410,5,16
6,true,withholding,Unchanged,564,171686,7419,5,16
6,true,withholding,GlobalProgress,637,161476,6062,3,16
6,true,withholding,Contextual,609,171207,7410,5,16
6,true,misleading,Unchanged,686,180219,7056,3,16
6,true,misleading,GlobalProgress,581,172037,5675,2,16
6,true,misleading,Contextual,973,173108,5809,3,16
6,true,changed_circumstances,Unchanged,751,176126,6980,6,16
6,true,changed_circumstances,GlobalProgress,654,166910,5938,4,16
6,true,changed_circumstances,Contextual,601,176130,6981,6,16
6,true,forgetting,Unchanged,1898,438672,7414,4,16
6,true,forgetting,GlobalProgress,1377,436735,5679,2,16
6,true,forgetting,Contextual,1335,450038,7409,4,16
6,true,no_information,Unchanged,512,169763,7419,5,16
6,true,no_information,GlobalProgress,523,159469,6062,3,16
6,true,no_information,Contextual,502,169200,7410,5,16
6,true,mirrored_future,Unchanged,632,182100,7062,4,16
6,true,mirrored_future,GlobalProgress,579,174534,6074,3,16
6,true,mirrored_future,Contextual,605,177268,6231,4,16
6,true,novel_no_progress,Unchanged,596,180176,7136,6,18
6,true,novel_no_progress,GlobalProgress,645,176001,6588,5,18
6,true,novel_no_progress,Contextual,574,177411,7132,7,18
6,true,context_specific,Unchanged,556,169066,6519,4,14
6,true,context_specific,GlobalProgress,541,155734,5166,3,14
6,true,context_specific,Contextual,569,164320,5682,4,14
6,true,repetition,Unchanged,533,168188,6419,5,14
6,true,repetition,GlobalProgress,485,152270,5154,3,14
6,true,repetition,Contextual,553,167255,6363,5,14
6,true,partial,Unchanged,532,164111,6489,4,14
6,true,partial,GlobalProgress,506,152287,5159,3,14
6,true,partial,Contextual,525,165776,6488,5,14
6,true,conflict,Unchanged,598,183195,7122,6,18
6,true,conflict,GlobalProgress,570,179017,6574,5,18
6,true,conflict,Contextual,1955,180195,7120,7,18
6,true,cost,Unchanged,634,180166,7136,6,18
6,true,cost,GlobalProgress,603,175991,6588,5,18
6,true,cost,Contextual,579,177401,7132,7,18
6,true,changing_source,Unchanged,671,203798,6016,5,14
6,true,changing_source,GlobalProgress,630,196620,5522,3,14
6,true,changing_source,Contextual,645,203800,6017,5,14
6,true,later_informed,Unchanged,483,158809,6418,5,14
6,true,later_informed,GlobalProgress,1124,143334,5159,3,14
6,true,later_informed,Contextual,718,157434,6354,5,14
6,true,ignorance,Unchanged,541,150893,6490,5,14
6,true,ignorance,GlobalProgress,458,141655,5159,3,14
6,true,ignorance,Contextual,713,150672,6481,5,14
6,true,withholding,Unchanged,569,152821,6490,5,14
6,true,withholding,GlobalProgress,476,143577,5159,3,14
6,true,withholding,Contextual,468,152600,6481,5,14
6,true,misleading,Unchanged,566,169101,6524,4,14
6,true,misleading,GlobalProgress,514,155733,5166,3,14
6,true,misleading,Contextual,566,164355,5687,4,14
6,true,changed_circumstances,Unchanged,526,162221,6493,5,14
6,true,changed_circumstances,GlobalProgress,524,156074,5559,4,14
6,true,changed_circumstances,Contextual,542,163899,6507,6,14
6,true,forgetting,Unchanged,1249,423279,6494,5,14
6,true,forgetting,GlobalProgress,1066,413939,5167,3,14
6,true,forgetting,Contextual,1136,424508,6484,5,14
6,true,no_information,Unchanged,793,150898,6490,5,14
6,true,no_information,GlobalProgress,483,141654,5159,3,14
6,true,no_information,Contextual,484,150677,6481,5,14
6,true,mirrored_future,Unchanged,600,173114,6516,3,14
6,true,mirrored_future,GlobalProgress,519,153243,4767,2,14
6,true,mirrored_future,Contextual,529,161763,5259,3,14
7,false,novel_no_progress,Unchanged,882,148818,5297,4,14
7,false,novel_no_progress,GlobalProgress,511,149162,5186,4,14
7,false,novel_no_progress,Contextual,503,145886,5291,5,14
7,false,context_specific,Unchanged,558,137999,4666,3,10
7,false,context_specific,GlobalProgress,455,128854,3770,2,10
7,false,context_specific,Contextual,459,136497,4256,3,10
7,false,repetition,Unchanged,1892,132639,4527,4,10
7,false,repetition,GlobalProgress,774,124601,3949,2,10
7,false,repetition,Contextual,500,128152,4465,4,10
7,false,partial,Unchanged,473,134387,4656,4,10
7,false,partial,GlobalProgress,581,138363,4557,2,10
7,false,partial,Contextual,481,135402,4657,4,10
7,false,conflict,Unchanged,532,148110,5277,5,14
7,false,conflict,GlobalProgress,510,151617,5171,4,14
7,false,conflict,Contextual,502,148110,5278,5,14
7,false,cost,Unchanged,799,144602,5279,4,14
7,false,cost,GlobalProgress,514,149182,5186,4,14
7,false,cost,Contextual,741,145906,5291,5,14
7,false,changing_source,Unchanged,709,174067,4306,4,10
7,false,changing_source,GlobalProgress,639,173018,4198,3,10
7,false,changing_source,Contextual,578,174069,4307,4,10
7,false,later_informed,Unchanged,414,126167,4658,5,10
7,false,later_informed,GlobalProgress,413,123705,4401,3,10
7,false,later_informed,Contextual,413,126170,4659,5,10
7,false,ignorance,Unchanged,419,124488,4658,5,10
7,false,ignorance,GlobalProgress,387,120931,4159,3,10
7,false,ignorance,Contextual,448,124491,4659,5,10
7,false,withholding,Unchanged,409,126332,4658,5,10
7,false,withholding,GlobalProgress,420,122857,4159,3,10
7,false,withholding,Contextual,412,126335,4659,5,10
7,false,misleading,Unchanged,478,138019,4668,3,10
7,false,misleading,GlobalProgress,438,128853,3770,2,10
7,false,misleading,Contextual,460,136524,4259,3,10
7,false,changed_circumstances,Unchanged,426,131697,4663,4,10
7,false,changed_circumstances,GlobalProgress,457,132628,4358,3,10
7,false,changed_circumstances,Contextual,449,133498,4471,4,10
7,false,forgetting,Unchanged,3187,391908,4660,3,10
7,false,forgetting,GlobalProgress,1189,402996,4554,2,10
7,false,forgetting,Contextual,1130,393697,4662,4,10
7,false,no_information,Unchanged,420,124493,4658,5,10
7,false,no_information,GlobalProgress,391,120934,4159,3,10
7,false,no_information,Contextual,436,124496,4659,5,10
7,false,mirrored_future,Unchanged,510,138265,4673,4,10
7,false,mirrored_future,GlobalProgress,494,131343,4167,3,10
7,false,mirrored_future,Contextual,489,139045,4677,4,10
7,true,novel_no_progress,Unchanged,1222,148548,5282,4,14
7,true,novel_no_progress,GlobalProgress,479,145520,5193,5,14
7,true,novel_no_progress,Contextual,469,145771,5272,5,14
7,true,context_specific,Unchanged,530,138307,4676,4,10
7,true,context_specific,GlobalProgress,464,131347,4167,3,10
7,true,context_specific,Contextual,464,139088,4680,4,10
7,true,repetition,Unchanged,436,129755,4651,4,10
7,true,repetition,GlobalProgress,424,127166,4155,3,10
7,true,repetition,Contextual,436,130415,4652,4,10
7,true,partial,Unchanged,451,129752,4651,4,10
7,true,partial,GlobalProgress,422,127163,4155,3,10
7,true,partial,Contextual,435,130412,4652,4,10
7,true,conflict,Unchanged,499,147953,5260,5,14
7,true,conflict,GlobalProgress,506,148088,5178,5,14
7,true,conflict,Contextual,528,147950,5261,5,14
7,true,cost,Unchanged,468,148541,5282,4,14
7,true,cost,GlobalProgress,472,145510,5193,5,14
7,true,cost,Contextual,952,145764,5272,5,14
7,true,changing_source,Unchanged,742,178991,4641,4,10
7,true,changing_source,GlobalProgress,871,177932,4529,3,10
7,true,changing_source,Contextual,611,178993,4642,4,10
7,true,later_informed,Unchanged,418,126362,4653,5,10
7,true,later_informed,GlobalProgress,403,124924,4538,3,10
7,true,later_informed,Contextual,416,126361,4654,5,10
7,true,ignorance,Unchanged,393,120941,4654,5,10
7,true,ignorance,GlobalProgress,376,117394,4155,3,10
7,true,ignorance,Contextual,502,120942,4655,5,10
7,true,withholding,Unchanged,388,122785,4654,5,10
7,true,withholding,GlobalProgress,399,119320,4155,3,10
7,true,withholding,Contextual,415,122786,4655,5,10
7,true,misleading,Unchanged,515,138334,4679,4,10
7,true,misleading,GlobalProgress,475,131346,4167,3,10
7,true,misleading,Contextual,479,139122,4684,4,10
7,true,changed_circumstances,Unchanged,480,134851,4648,4,10
7,true,changed_circumstances,GlobalProgress,420,128075,4554,4,10
7,true,changed_circumstances,Contextual,428,132117,4644,5,10
7,true,forgetting,Unchanged,1210,392138,4668,4,10
7,true,forgetting,GlobalProgress,2749,392843,4555,3,10
7,true,forgetting,Contextual,1271,383518,4662,4,10
7,true,no_information,Unchanged,518,120946,4654,5,10
7,true,no_information,GlobalProgress,410,117397,4155,3,10
7,true,no_information,Contextual,389,120947,4655,5,10
7,true,mirrored_future,Unchanged,464,138040,4669,3,10
7,true,mirrored_future,GlobalProgress,439,128856,3770,2,10
7,true,mirrored_future,Contextual,484,136539,4259,3,10
7,true,novel_no_progress,Unchanged,760,205696,8187,6,22
7,true,novel_no_progress,GlobalProgress,714,207989,8021,5,22
7,true,novel_no_progress,Contextual,704,202849,8183,7,22
7,true,context_specific,Unchanged,642,180525,7055,3,16
7,true,context_specific,GlobalProgress,589,172038,5675,2,16
7,true,context_specific,Contextual,578,173414,5808,3,16
7,true,repetition,Unchanged,578,172153,7082,4,16
7,true,repetition,GlobalProgress,585,158450,5262,2,16
7,true,repetition,Contextual,585,169670,6667,4,16
7,true,partial,Unchanged,529,162213,6532,4,16
7,true,partial,GlobalProgress,573,152173,5185,2,16
7,true,partial,Contextual,580,162215,6533,4,16
7,true,conflict,Unchanged,724,203517,8156,6,22
7,true,conflict,GlobalProgress,719,203643,7596,5,22
7,true,conflict,Contextual,700,205032,8158,7,22
7,true,cost,Unchanged,1592,208068,8363,7,22
7,true,cost,GlobalProgress,1285,203174,7806,5,22
7,true,cost,Contextual,989,209302,8356,7,22
7,true,changing_source,Unchanged,1026,210848,6319,5,16
7,true,changing_source,GlobalProgress,1009,205475,5955,3,16
7,true,changing_source,Contextual,1475,210850,6320,5,16
7,true,later_informed,Unchanged,780,171680,7340,5,16
7,true,later_informed,GlobalProgress,521,161152,6062,3,16
7,true,later_informed,Contextual,572,168765,7193,5,16
7,true,ignorance,Unchanged,521,169758,7419,5,16
7,true,ignorance,GlobalProgress,511,159470,6062,3,16
7,true,ignorance,Contextual,501,169195,7410,5,16
7,true,withholding,Unchanged,523,171686,7419,5,16
7,true,withholding,GlobalProgress,581,161476,6062,3,16
7,true,withholding,Contextual,535,171207,7410,5,16
7,true,misleading,Unchanged,656,180219,7056,3,16
7,true,misleading,GlobalProgress,698,172037,5675,2,16
7,true,misleading,Contextual,897,173108,5809,3,16
7,true,changed_circumstances,Unchanged,616,176126,6980,6,16
7,true,changed_circumstances,GlobalProgress,583,166910,5938,4,16
7,true,changed_circumstances,Contextual,565,176130,6981,6,16
7,true,forgetting,Unchanged,1384,438672,7414,4,16
7,true,forgetting,GlobalProgress,1537,436735,5679,2,16
7,true,forgetting,Contextual,1310,450038,7409,4,16
7,true,no_information,Unchanged,532,169763,7419,5,16
7,true,no_information,GlobalProgress,483,159469,6062,3,16
7,true,no_information,Contextual,517,169200,7410,5,16
7,true,mirrored_future,Unchanged,1106,182100,7062,4,16
7,true,mirrored_future,GlobalProgress,1142,174534,6074,3,16
7,true,mirrored_future,Contextual,687,177268,6231,4,16
7,true,novel_no_progress,Unchanged,591,180176,7136,6,18
7,true,novel_no_progress,GlobalProgress,571,176001,6588,5,18
7,true,novel_no_progress,Contextual,561,177411,7132,7,18
7,true,context_specific,Unchanged,568,169066,6519,4,14
7,true,context_specific,GlobalProgress,1382,155734,5166,3,14
7,true,context_specific,Contextual,720,164320,5682,4,14
7,true,repetition,Unchanged,856,168188,6419,5,14
7,true,repetition,GlobalProgress,574,152270,5154,3,14
7,true,repetition,Contextual,574,167255,6363,5,14
7,true,partial,Unchanged,534,164111,6489,4,14
7,true,partial,GlobalProgress,503,152287,5159,3,14
7,true,partial,Contextual,520,165776,6488,5,14
7,true,conflict,Unchanged,771,183195,7122,6,18
7,true,conflict,GlobalProgress,664,179017,6574,5,18
7,true,conflict,Contextual,606,180195,7120,7,18
7,true,cost,Unchanged,577,180166,7136,6,18
7,true,cost,GlobalProgress,650,175991,6588,5,18
7,true,cost,Contextual,562,177401,7132,7,18
7,true,changing_source,Unchanged,684,203798,6016,5,14
7,true,changing_source,GlobalProgress,620,196620,5522,3,14
7,true,changing_source,Contextual,647,203800,6017,5,14
7,true,later_informed,Unchanged,579,158809,6418,5,14
7,true,later_informed,GlobalProgress,475,143334,5159,3,14
7,true,later_informed,Contextual,498,157434,6354,5,14
7,true,ignorance,Unchanged,455,150893,6490,5,14
7,true,ignorance,GlobalProgress,441,141655,5159,3,14
7,true,ignorance,Contextual,454,150672,6481,5,14
7,true,withholding,Unchanged,493,152821,6490,5,14
7,true,withholding,GlobalProgress,495,143577,5159,3,14
7,true,withholding,Contextual,475,152600,6481,5,14
7,true,misleading,Unchanged,564,169101,6524,4,14
7,true,misleading,GlobalProgress,722,155733,5166,3,14
7,true,misleading,Contextual,618,164355,5687,4,14
7,true,changed_circumstances,Unchanged,537,162221,6493,5,14
7,true,changed_circumstances,GlobalProgress,577,156074,5559,4,14
7,true,changed_circumstances,Contextual,534,163899,6507,6,14
7,true,forgetting,Unchanged,1198,423279,6494,5,14
7,true,forgetting,GlobalProgress,1068,413939,5167,3,14
7,true,forgetting,Contextual,1714,424508,6484,5,14
7,true,no_information,Unchanged,603,150898,6490,5,14
7,true,no_information,GlobalProgress,449,141654,5159,3,14
7,true,no_information,Contextual,529,150677,6481,5,14
7,true,mirrored_future,Unchanged,587,173114,6516,3,14
7,true,mirrored_future,GlobalProgress,525,153243,4767,2,14
7,true,mirrored_future,Contextual,568,161763,5259,3,14
42,false,novel_no_progress,Unchanged,1033,148788,5297,4,14
42,false,novel_no_progress,GlobalProgress,668,149132,5186,4,14
42,false,novel_no_progress,Contextual,669,145856,5291,5,14
42,false,context_specific,Unchanged,955,137969,4666,3,10
42,false,context_specific,GlobalProgress,961,128824,3770,2,10
42,false,context_specific,Contextual,534,136467,4256,3,10
42,false,repetition,Unchanged,679,132609,4527,4,10
42,false,repetition,GlobalProgress,880,124571,3949,2,10
42,false,repetition,Contextual,478,128122,4465,4,10
42,false,partial,Unchanged,473,134357,4656,4,10
42,false,partial,GlobalProgress,682,138333,4557,2,10
42,false,partial,Contextual,1753,135372,4657,4,10
42,false,conflict,Unchanged,913,148080,5277,5,14
42,false,conflict,GlobalProgress,651,151587,5171,4,14
42,false,conflict,Contextual,499,148080,5278,5,14
42,false,cost,Unchanged,500,144572,5279,4,14
42,false,cost,GlobalProgress,516,149152,5186,4,14
42,false,cost,Contextual,470,145876,5291,5,14
42,false,changing_source,Unchanged,666,174032,4306,4,10
42,false,changing_source,GlobalProgress,922,172983,4198,3,10
42,false,changing_source,Contextual,873,174034,4307,4,10
42,false,later_informed,Unchanged,926,126132,4658,5,10
42,false,later_informed,GlobalProgress,477,123670,4401,3,10
42,false,later_informed,Contextual,720,126135,4659,5,10
42,false,ignorance,Unchanged,652,124454,4658,5,10
42,false,ignorance,GlobalProgress,392,120898,4159,3,10
42,false,ignorance,Contextual,556,124457,4659,5,10
42,false,withholding,Unchanged,414,126297,4658,5,10
42,false,withholding,GlobalProgress,427,122823,4159,3,10
42,false,withholding,Contextual,485,126300,4659,5,10
42,false,misleading,Unchanged,510,137989,4668,3,10
42,false,misleading,GlobalProgress,511,128823,3770,2,10
42,false,misleading,Contextual,487,136494,4259,3,10
42,false,changed_circumstances,Unchanged,433,131667,4663,4,10
42,false,changed_circumstances,GlobalProgress,447,132598,4358,3,10
42,false,changed_circumstances,Contextual,465,133468,4471,4,10
42,false,forgetting,Unchanged,1812,391878,4660,3,10
42,false,forgetting,GlobalProgress,1581,402966,4554,2,10
42,false,forgetting,Contextual,1125,393667,4662,4,10
42,false,no_information,Unchanged,393,124459,4658,5,10
42,false,no_information,GlobalProgress,378,120901,4159,3,10
42,false,no_information,Contextual,395,124462,4659,5,10
42,false,mirrored_future,Unchanged,472,138235,4673,4,10
42,false,mirrored_future,GlobalProgress,1082,131313,4167,3,10
42,false,mirrored_future,Contextual,555,139015,4677,4,10
42,true,novel_no_progress,Unchanged,688,148518,5282,4,14
42,true,novel_no_progress,GlobalProgress,482,145490,5193,5,14
42,true,novel_no_progress,Contextual,465,145741,5272,5,14
42,true,context_specific,Unchanged,1213,138277,4676,4,10
42,true,context_specific,GlobalProgress,628,131317,4167,3,10
42,true,context_specific,Contextual,490,139058,4680,4,10
42,true,repetition,Unchanged,455,129725,4651,4,10
42,true,repetition,GlobalProgress,450,127136,4155,3,10
42,true,repetition,Contextual,446,130385,4652,4,10
42,true,partial,Unchanged,444,129722,4651,4,10
42,true,partial,GlobalProgress,423,127133,4155,3,10
42,true,partial,Contextual,429,130382,4652,4,10
42,true,conflict,Unchanged,486,147923,5260,5,14
42,true,conflict,GlobalProgress,507,148058,5178,5,14
42,true,conflict,Contextual,1000,147920,5261,5,14
42,true,cost,Unchanged,731,148511,5282,4,14
42,true,cost,GlobalProgress,502,145480,5193,5,14
42,true,cost,Contextual,487,145734,5272,5,14
42,true,changing_source,Unchanged,607,178956,4641,4,10
42,true,changing_source,GlobalProgress,637,177897,4529,3,10
42,true,changing_source,Contextual,589,178958,4642,4,10
42,true,later_informed,Unchanged,422,126327,4653,5,10
42,true,later_informed,GlobalProgress,625,124889,4538,3,10
42,true,later_informed,Contextual,564,126326,4654,5,10
42,true,ignorance,Unchanged,451,120907,4654,5,10
42,true,ignorance,GlobalProgress,466,117361,4155,3,10
42,true,ignorance,Contextual,602,120908,4655,5,10
42,true,withholding,Unchanged,422,122750,4654,5,10
42,true,withholding,GlobalProgress,401,119286,4155,3,10
42,true,withholding,Contextual,400,122751,4655,5,10
42,true,misleading,Unchanged,505,138304,4679,4,10
42,true,misleading,GlobalProgress,595,131316,4167,3,10
42,true,misleading,Contextual,1825,139092,4684,4,10
42,true,changed_circumstances,Unchanged,625,134821,4648,4,10
42,true,changed_circumstances,GlobalProgress,467,128045,4554,4,10
42,true,changed_circumstances,Contextual,443,132087,4644,5,10
42,true,forgetting,Unchanged,1203,392108,4668,4,10
42,true,forgetting,GlobalProgress,1100,392813,4555,3,10
42,true,forgetting,Contextual,1496,383488,4662,4,10
42,true,no_information,Unchanged,446,120912,4654,5,10
42,true,no_information,GlobalProgress,475,117364,4155,3,10
42,true,no_information,Contextual,385,120913,4655,5,10
42,true,mirrored_future,Unchanged,475,138010,4669,3,10
42,true,mirrored_future,GlobalProgress,498,128826,3770,2,10
42,true,mirrored_future,Contextual,460,136509,4259,3,10
42,true,novel_no_progress,Unchanged,709,205654,8187,6,22
42,true,novel_no_progress,GlobalProgress,759,207947,8021,5,22
42,true,novel_no_progress,Contextual,1059,202807,8183,7,22
42,true,context_specific,Unchanged,695,180483,7055,3,16
42,true,context_specific,GlobalProgress,694,171996,5675,2,16
42,true,context_specific,Contextual,627,173372,5808,3,16
42,true,repetition,Unchanged,641,172111,7082,4,16
42,true,repetition,GlobalProgress,611,158408,5262,2,16
42,true,repetition,Contextual,641,169628,6667,4,16
42,true,partial,Unchanged,527,162171,6532,4,16
42,true,partial,GlobalProgress,1152,152131,5185,2,16
42,true,partial,Contextual,1257,162173,6533,4,16
42,true,conflict,Unchanged,1507,203475,8156,6,22
42,true,conflict,GlobalProgress,878,203601,7596,5,22
42,true,conflict,Contextual,762,204990,8158,7,22
42,true,cost,Unchanged,1891,208026,8363,7,22
42,true,cost,GlobalProgress,802,203132,7806,5,22
42,true,cost,Contextual,1060,209260,8356,7,22
42,true,changing_source,Unchanged,985,210799,6319,5,16
42,true,changing_source,GlobalProgress,703,205427,5955,3,16
42,true,changing_source,Contextual,729,210801,6320,5,16
42,true,later_informed,Unchanged,841,171630,7340,5,16
42,true,later_informed,GlobalProgress,627,161105,6062,3,16
42,true,later_informed,Contextual,674,168715,7193,5,16
42,true,ignorance,Unchanged,742,169709,7419,5,16
42,true,ignorance,GlobalProgress,672,159424,6062,3,16
42,true,ignorance,Contextual,560,169146,7410,5,16
42,true,withholding,Unchanged,627,171636,7419,5,16
42,true,withholding,GlobalProgress,507,161429,6062,3,16
42,true,withholding,Contextual,1562,171157,7410,5,16
42,true,misleading,Unchanged,1279,180177,7056,3,16
42,true,misleading,GlobalProgress,656,171995,5675,2,16
42,true,misleading,Contextual,656,173066,5809,3,16
42,true,changed_circumstances,Unchanged,608,176084,6980,6,16
42,true,changed_circumstances,GlobalProgress,634,166868,5938,4,16
42,true,changed_circumstances,Contextual,1261,176088,6981,6,16
42,true,forgetting,Unchanged,2499,438630,7414,4,16
42,true,forgetting,GlobalProgress,1433,436693,5679,2,16
42,true,forgetting,Contextual,2842,449996,7409,4,16
42,true,no_information,Unchanged,719,169714,7419,5,16
42,true,no_information,GlobalProgress,504,159423,6062,3,16
42,true,no_information,Contextual,520,169151,7410,5,16
42,true,mirrored_future,Unchanged,644,182058,7062,4,16
42,true,mirrored_future,GlobalProgress,640,174492,6074,3,16
42,true,mirrored_future,Contextual,975,177226,6231,4,16
42,true,novel_no_progress,Unchanged,637,180138,7136,6,18
42,true,novel_no_progress,GlobalProgress,968,175963,6588,5,18
42,true,novel_no_progress,Contextual,598,177373,7132,7,18
42,true,context_specific,Unchanged,585,169028,6519,4,14
42,true,context_specific,GlobalProgress,517,155696,5166,3,14
42,true,context_specific,Contextual,536,164282,5682,4,14
42,true,repetition,Unchanged,537,168150,6419,5,14
42,true,repetition,GlobalProgress,595,152232,5154,3,14
42,true,repetition,Contextual,670,167217,6363,5,14
42,true,partial,Unchanged,549,164073,6489,4,14
42,true,partial,GlobalProgress,504,152249,5159,3,14
42,true,partial,Contextual,544,165738,6488,5,14
42,true,conflict,Unchanged,649,183157,7122,6,18
42,true,conflict,GlobalProgress,646,178979,6574,5,18
42,true,conflict,Contextual,586,180157,7120,7,18
42,true,cost,Unchanged,623,180128,7136,6,18
42,true,cost,GlobalProgress,1481,175953,6588,5,18
42,true,cost,Contextual,941,177363,7132,7,18
42,true,changing_source,Unchanged,1124,203753,6016,5,14
42,true,changing_source,GlobalProgress,688,196576,5522,3,14
42,true,changing_source,Contextual,697,203755,6017,5,14
42,true,later_informed,Unchanged,540,158764,6418,5,14
42,true,later_informed,GlobalProgress,664,143292,5159,3,14
42,true,later_informed,Contextual,827,157389,6354,5,14
42,true,ignorance,Unchanged,504,150849,6490,5,14
42,true,ignorance,GlobalProgress,474,141614,5159,3,14
42,true,ignorance,Contextual,450,150628,6481,5,14
42,true,withholding,Unchanged,510,152776,6490,5,14
42,true,withholding,GlobalProgress,449,143535,5159,3,14
42,true,withholding,Contextual,503,152555,6481,5,14
42,true,misleading,Unchanged,575,169063,6524,4,14
42,true,misleading,GlobalProgress,2329,155695,5166,3,14
42,true,misleading,Contextual,705,164317,5687,4,14
42,true,changed_circumstances,Unchanged,605,162183,6493,5,14
42,true,changed_circumstances,GlobalProgress,538,156036,5559,4,14
42,true,changed_circumstances,Contextual,511,163861,6507,6,14
42,true,forgetting,Unchanged,1329,423241,6494,5,14
42,true,forgetting,GlobalProgress,1680,413901,5167,3,14
42,true,forgetting,Contextual,1323,424470,6484,5,14
42,true,no_information,Unchanged,504,150854,6490,5,14
42,true,no_information,GlobalProgress,451,141613,5159,3,14
42,true,no_information,Contextual,472,150633,6481,5,14
42,true,mirrored_future,Unchanged,635,173076,6516,3,14
42,true,mirrored_future,GlobalProgress,1666,153205,4767,2,14
42,true,mirrored_future,Contextual,930,161725,5259,3,14
18446744073709551615,false,novel_no_progress,Unchanged,1077,148839,5297,4,14
18446744073709551615,false,novel_no_progress,GlobalProgress,586,149183,5186,4,14
18446744073709551615,false,novel_no_progress,Contextual,507,145907,5291,5,14
18446744073709551615,false,context_specific,Unchanged,514,138017,4666,3,10
18446744073709551615,false,context_specific,GlobalProgress,456,128874,3770,2,10
18446744073709551615,false,context_specific,Contextual,612,136516,4256,3,10
18446744073709551615,false,repetition,Unchanged,626,132657,4527,4,10
18446744073709551615,false,repetition,GlobalProgress,452,124620,3949,2,10
18446744073709551615,false,repetition,Contextual,454,128170,4465,4,10
18446744073709551615,false,partial,Unchanged,458,134406,4656,4,10
18446744073709551615,false,partial,GlobalProgress,473,138382,4557,2,10
18446744073709551615,false,partial,Contextual,449,135421,4657,4,10
18446744073709551615,false,conflict,Unchanged,500,148131,5277,5,14
18446744073709551615,false,conflict,GlobalProgress,529,151638,5171,4,14
18446744073709551615,false,conflict,Contextual,483,148131,5278,5,14
18446744073709551615,false,cost,Unchanged,614,144623,5279,4,14
18446744073709551615,false,cost,GlobalProgress,1057,149203,5186,4,14
18446744073709551615,false,cost,Contextual,800,145927,5291,5,14
18446744073709551615,false,changing_source,Unchanged,693,174051,4306,4,10
18446744073709551615,false,changing_source,GlobalProgress,589,173002,4198,3,10
18446744073709551615,false,changing_source,Contextual,562,174053,4307,4,10
18446744073709551615,false,later_informed,Unchanged,416,126189,4658,5,10
18446744073709551615,false,later_informed,GlobalProgress,405,123726,4401,3,10
18446744073709551615,false,later_informed,Contextual,417,126192,4659,5,10
18446744073709551615,false,ignorance,Unchanged,602,124511,4658,5,10
18446744073709551615,false,ignorance,GlobalProgress,533,120954,4159,3,10
18446744073709551615,false,ignorance,Contextual,586,124514,4659,5,10
18446744073709551615,false,withholding,Unchanged,585,126354,4658,5,10
18446744073709551615,false,withholding,GlobalProgress,433,122879,4159,3,10
18446744073709551615,false,withholding,Contextual,453,126357,4659,5,10
18446744073709551615,false,misleading,Unchanged,492,138037,4668,3,10
18446744073709551615,false,misleading,GlobalProgress,454,128873,3770,2,10
18446744073709551615,false,misleading,Contextual,466,136543,4259,3,10
18446744073709551615,false,changed_circumstances,Unchanged,434,131717,4663,4,10
18446744073709551615,false,changed_circumstances,GlobalProgress,467,132647,4358,3,10
18446744073709551615,false,changed_circumstances,Contextual,991,133517,4471,4,10
18446744073709551615,false,forgetting,Unchanged,2360,391927,4660,3,10
18446744073709551615,false,forgetting,GlobalProgress,1486,403015,4554,2,10
18446744073709551615,false,forgetting,Contextual,1088,393716,4662,4,10
18446744073709551615,false,no_information,Unchanged,660,124516,4658,5,10
18446744073709551615,false,no_information,GlobalProgress,393,120957,4159,3,10
18446744073709551615,false,no_information,Contextual,656,124519,4659,5,10
18446744073709551615,false,mirrored_future,Unchanged,601,138284,4673,4,10
18446744073709551615,false,mirrored_future,GlobalProgress,610,131363,4167,3,10
18446744073709551615,false,mirrored_future,Contextual,548,139064,4677,4,10
18446744073709551615,true,novel_no_progress,Unchanged,541,148570,5282,4,14
18446744073709551615,true,novel_no_progress,GlobalProgress,518,145542,5193,5,14
18446744073709551615,true,novel_no_progress,Contextual,527,145793,5272,5,14
18446744073709551615,true,context_specific,Unchanged,1082,138326,4676,4,10
18446744073709551615,true,context_specific,GlobalProgress,818,131367,4167,3,10
18446744073709551615,true,context_specific,Contextual,729,139107,4680,4,10
18446744073709551615,true,repetition,Unchanged,601,129775,4651,4,10
18446744073709551615,true,repetition,GlobalProgress,611,127187,4155,3,10
18446744073709551615,true,repetition,Contextual,464,130435,4652,4,10
18446744073709551615,true,partial,Unchanged,452,129772,4651,4,10
18446744073709551615,true,partial,GlobalProgress,426,127184,4155,3,10
18446744073709551615,true,partial,Contextual,430,130432,4652,4,10
18446744073709551615,true,conflict,Unchanged,485,147975,5260,5,14
18446744073709551615,true,conflict,GlobalProgress,2542,148110,5178,5,14
18446744073709551615,true,conflict,Contextual,829,147972,5261,5,14
18446744073709551615,true,cost,Unchanged,512,148563,5282,4,14
18446744073709551615,true,cost,GlobalProgress,490,145532,5193,5,14
18446744073709551615,true,cost,Contextual,478,145786,5272,5,14
18446744073709551615,true,changing_source,Unchanged,622,178977,4641,4,10
18446744073709551615,true,changing_source,GlobalProgress,572,177918,4529,3,10
18446744073709551615,true,changing_source,Contextual,576,178979,4642,4,10
18446744073709551615,true,later_informed,Unchanged,1068,126385,4653,5,10
18446744073709551615,true,later_informed,GlobalProgress,484,124947,4538,3,10
18446744073709551615,true,later_informed,Contextual,431,126384,4654,5,10
18446744073709551615,true,ignorance,Unchanged,475,120965,4654,5,10
18446744073709551615,true,ignorance,GlobalProgress,431,117418,4155,3,10
18446744073709551615,true,ignorance,Contextual,408,120966,4655,5,10
18446744073709551615,true,withholding,Unchanged,398,122808,4654,5,10
18446744073709551615,true,withholding,GlobalProgress,395,119343,4155,3,10
18446744073709551615,true,withholding,Contextual,385,122809,4655,5,10
18446744073709551615,true,misleading,Unchanged,475,138353,4679,4,10
18446744073709551615,true,misleading,GlobalProgress,666,131366,4167,3,10
18446744073709551615,true,misleading,Contextual,624,139141,4684,4,10
18446744073709551615,true,changed_circumstances,Unchanged,455,134872,4648,4,10
18446744073709551615,true,changed_circumstances,GlobalProgress,630,128096,4554,4,10
18446744073709551615,true,changed_circumstances,Contextual,514,132138,4644,5,10
18446744073709551615,true,forgetting,Unchanged,1269,392158,4668,4,10
18446744073709551615,true,forgetting,GlobalProgress,1054,392863,4555,3,10
18446744073709551615,true,forgetting,Contextual,1245,383538,4662,4,10
18446744073709551615,true,no_information,Unchanged,614,120970,4654,5,10
18446744073709551615,true,no_information,GlobalProgress,433,117421,4155,3,10
18446744073709551615,true,no_information,Contextual,377,120971,4655,5,10
18446744073709551615,true,mirrored_future,Unchanged,505,138058,4669,3,10
18446744073709551615,true,mirrored_future,GlobalProgress,448,128876,3770,2,10
18446744073709551615,true,mirrored_future,Contextual,459,136558,4259,3,10
18446744073709551615,true,novel_no_progress,Unchanged,719,205709,8187,6,22
18446744073709551615,true,novel_no_progress,GlobalProgress,738,208002,8021,5,22
18446744073709551615,true,novel_no_progress,Contextual,1036,202862,8183,7,22
18446744073709551615,true,context_specific,Unchanged,675,180534,7055,3,16
18446744073709551615,true,context_specific,GlobalProgress,596,172051,5675,2,16
18446744073709551615,true,context_specific,Contextual,893,173426,5808,3,16
18446744073709551615,true,repetition,Unchanged,600,172162,7082,4,16
18446744073709551615,true,repetition,GlobalProgress,708,158463,5262,2,16
18446744073709551615,true,repetition,Contextual,558,169680,6667,4,16
18446744073709551615,true,partial,Unchanged,1955,162223,6532,4,16
18446744073709551615,true,partial,GlobalProgress,824,152186,5185,2,16
18446744073709551615,true,partial,Contextual,571,162225,6533,4,16
18446744073709551615,true,conflict,Unchanged,775,203530,8156,6,22
18446744073709551615,true,conflict,GlobalProgress,744,203657,7596,5,22
18446744073709551615,true,conflict,Contextual,759,205045,8158,7,22
18446744073709551615,true,cost,Unchanged,665,208081,8363,7,22
18446744073709551615,true,cost,GlobalProgress,846,203188,7806,5,22
18446744073709551615,true,cost,Contextual,716,209315,8356,7,22
18446744073709551615,true,changing_source,Unchanged,728,210826,6319,5,16
18446744073709551615,true,changing_source,GlobalProgress,710,205453,5955,3,16
18446744073709551615,true,changing_source,Contextual,695,210828,6320,5,16
18446744073709551615,true,later_informed,Unchanged,563,171695,7340,5,16
18446744073709551615,true,later_informed,GlobalProgress,496,161168,6062,3,16
18446744073709551615,true,later_informed,Contextual,757,168780,7193,5,16
18446744073709551615,true,ignorance,Unchanged,751,169775,7419,5,16
18446744073709551615,true,ignorance,GlobalProgress,694,159487,6062,3,16
18446744073709551615,true,ignorance,Contextual,534,169212,7410,5,16
18446744073709551615,true,withholding,Unchanged,535,171702,7419,5,16
18446744073709551615,true,withholding,GlobalProgress,546,161492,6062,3,16
18446744073709551615,true,withholding,Contextual,523,171223,7410,5,16
18446744073709551615,true,misleading,Unchanged,618,180228,7056,3,16
18446744073709551615,true,misleading,GlobalProgress,603,172050,5675,2,16
18446744073709551615,true,misleading,Contextual,2220,173120,5809,3,16
18446744073709551615,true,changed_circumstances,Unchanged,1014,176137,6980,6,16
18446744073709551615,true,changed_circumstances,GlobalProgress,587,166923,5938,4,16
18446744073709551615,true,changed_circumstances,Contextual,657,176141,6981,6,16
18446744073709551615,true,forgetting,Unchanged,1380,438682,7414,4,16
18446744073709551615,true,forgetting,GlobalProgress,1143,436749,5679,2,16
18446744073709551615,true,forgetting,Contextual,2251,450048,7409,4,16
18446744073709551615,true,no_information,Unchanged,944,169780,7419,5,16
18446744073709551615,true,no_information,GlobalProgress,747,159486,6062,3,16
18446744073709551615,true,no_information,Contextual,751,169217,7410,5,16
18446744073709551615,true,mirrored_future,Unchanged,1112,182110,7062,4,16
18446744073709551615,true,mirrored_future,GlobalProgress,1009,174547,6074,3,16
18446744073709551615,true,mirrored_future,Contextual,938,177280,6231,4,16
18446744073709551615,true,novel_no_progress,Unchanged,804,180192,7136,6,18
18446744073709551615,true,novel_no_progress,GlobalProgress,638,176018,6588,5,18
18446744073709551615,true,novel_no_progress,Contextual,569,177427,7132,7,18
18446744073709551615,true,context_specific,Unchanged,571,169079,6519,4,14
18446744073709551615,true,context_specific,GlobalProgress,968,155750,5166,3,14
18446744073709551615,true,context_specific,Contextual,691,164335,5682,4,14
18446744073709551615,true,repetition,Unchanged,556,168202,6419,5,14
18446744073709551615,true,repetition,GlobalProgress,521,152287,5154,3,14
18446744073709551615,true,repetition,Contextual,574,167269,6363,5,14
18446744073709551615,true,partial,Unchanged,534,164125,6489,4,14
18446744073709551615,true,partial,GlobalProgress,482,152304,5159,3,14
18446744073709551615,true,partial,Contextual,508,165790,6488,5,14
18446744073709551615,true,conflict,Unchanged,643,183211,7122,6,18
18446744073709551615,true,conflict,GlobalProgress,971,179034,6574,5,18
18446744073709551615,true,conflict,Contextual,870,180211,7120,7,18
18446744073709551615,true,cost,Unchanged,599,180182,7136,6,18
18446744073709551615,true,cost,GlobalProgress,599,176008,6588,5,18
18446744073709551615,true,cost,Contextual,558,177417,7132,7,18
18446744073709551615,true,changing_source,Unchanged,673,203780,6016,5,14
18446744073709551615,true,changing_source,GlobalProgress,624,196602,5522,3,14
18446744073709551615,true,changing_source,Contextual,694,203782,6017,5,14
18446744073709551615,true,later_informed,Unchanged,784,158828,6418,5,14
18446744073709551615,true,later_informed,GlobalProgress,1781,143353,5159,3,14
18446744073709551615,true,later_informed,Contextual,539,157453,6354,5,14
18446744073709551615,true,ignorance,Unchanged,618,150913,6490,5,14
18446744073709551615,true,ignorance,GlobalProgress,509,141675,5159,3,14
18446744073709551615,true,ignorance,Contextual,450,150692,6481,5,14
18446744073709551615,true,withholding,Unchanged,460,152840,6490,5,14
18446744073709551615,true,withholding,GlobalProgress,462,143596,5159,3,14
18446744073709551615,true,withholding,Contextual,813,152619,6481,5,14
18446744073709551615,true,misleading,Unchanged,629,169114,6524,4,14
18446744073709551615,true,misleading,GlobalProgress,543,155749,5166,3,14
18446744073709551615,true,misleading,Contextual,575,164370,5687,4,14
18446744073709551615,true,changed_circumstances,Unchanged,889,162236,6493,5,14
18446744073709551615,true,changed_circumstances,GlobalProgress,831,156091,5559,4,14
18446744073709551615,true,changed_circumstances,Contextual,514,163914,6507,6,14
18446744073709551615,true,forgetting,Unchanged,1186,423293,6494,5,14
18446744073709551615,true,forgetting,GlobalProgress,1344,413956,5167,3,14
18446744073709551615,true,forgetting,Contextual,1200,424522,6484,5,14
18446744073709551615,true,no_information,Unchanged,494,150918,6490,5,14
18446744073709551615,true,no_information,GlobalProgress,449,141674,5159,3,14
18446744073709551615,true,no_information,Contextual,454,150697,6481,5,14
18446744073709551615,true,mirrored_future,Unchanged,573,173126,6516,3,14
18446744073709551615,true,mirrored_future,GlobalProgress,1322,153259,4767,2,14
18446744073709551615,true,mirrored_future,Contextual,798,161778,5259,3,14
