repeat,mode,occupancy,candidates,iterations,nanoseconds,cell_json_bytes
0,Unchanged,0,19,50000,38476700,2
0,Unchanged,32,19,50000,38796000,3631
0,GlobalProgress,0,19,50000,41220600,2
0,GlobalProgress,32,19,50000,43886700,3247
0,Contextual,0,19,50000,40845800,2
0,Contextual,32,19,50000,48417500,3631
1,Unchanged,0,19,50000,38618300,2
1,Unchanged,32,19,50000,38073700,3631
1,GlobalProgress,0,19,50000,39982600,2
1,GlobalProgress,32,19,50000,43216000,3247
1,Contextual,0,19,50000,41442400,2
1,Contextual,32,19,50000,47881500,3631
2,Unchanged,0,19,50000,38168100,2
2,Unchanged,32,19,50000,38474400,3631
2,GlobalProgress,0,19,50000,41044400,2
2,GlobalProgress,32,19,50000,43269100,3247
2,Contextual,0,19,50000,39874900,2
2,Contextual,32,19,50000,48334500,3631
3,Unchanged,0,19,50000,38284700,2
3,Unchanged,32,19,50000,37559800,3631
3,GlobalProgress,0,19,50000,40766800,2
3,GlobalProgress,32,19,50000,42613200,3247
3,Contextual,0,19,50000,40643400,2
3,Contextual,32,19,50000,47228100,3631
4,Unchanged,0,19,50000,38416000,2
4,Unchanged,32,19,50000,37975100,3631
4,GlobalProgress,0,19,50000,41449700,2
4,GlobalProgress,32,19,50000,43365200,3247
4,Contextual,0,19,50000,41822400,2
4,Contextual,32,19,50000,47798400,3631
