seed,held,run_replay_validate_ms,bytes,serialize_ms
0,false,45.918,6014056,11.201
0,true,166.807,24255581,43.997
1,false,41.177,6014056,10.612
1,true,163.061,24255581,44.510
2,false,40.808,6014056,10.665
2,true,162.920,24255581,44.200
3,false,38.731,6014056,10.524
3,true,161.621,24255581,44.009
4,false,38.148,6014056,10.789
4,true,160.353,24255581,43.720
5,false,38.036,6014056,10.586
5,true,163.184,24255581,43.991
6,false,38.821,6014056,10.989
6,true,163.740,24255581,45.097
7,false,38.866,6014056,11.009
7,true,178.965,24255581,45.746
8,false,40.581,6013576,10.836
8,true,183.335,24253661,44.685
9,false,41.559,6014056,11.425
9,true,171.266,24255581,44.754
10,false,41.422,6013570,10.715
10,true,166.852,24253490,44.390
11,false,40.203,6014152,10.687
11,true,167.247,24255965,44.617
12,false,52.040,6014152,11.045
12,true,182.339,24255965,49.727
13,false,42.141,6014152,10.878
13,true,188.377,24255965,67.070
14,false,40.107,6014152,11.551
14,true,189.715,24255965,61.484
15,false,46.497,6014152,11.448
15,true,187.804,24255965,55.513
42,false,41.284,6012904,10.763
42,true,171.824,24250781,44.886
18446744073709551615,false,40.042,6015215,10.917
18446744073709551615,true,170.839,24260247,45.715
