mode,sample,iterations,candidates,basis,clone_score_ns
Unchanged,0,10000,19,3,722.330
CurrentNeed,0,10000,19,3,731.650
StatusValue,0,10000,19,3,832.270
Unchanged,1,10000,19,3,660.920
CurrentNeed,1,10000,19,3,778.790
StatusValue,1,10000,19,3,794.480
Unchanged,2,10000,19,3,667.320
CurrentNeed,2,10000,19,3,790.570
StatusValue,2,10000,19,3,856.520
Unchanged,3,10000,19,3,664.730
CurrentNeed,3,10000,19,3,779.550
StatusValue,3,10000,19,3,823.370
Unchanged,4,10000,19,3,663.140
CurrentNeed,4,10000,19,3,745.110
StatusValue,4,10000,19,3,802.090
Unchanged,5,10000,19,3,655.820
CurrentNeed,5,10000,19,3,773.420
StatusValue,5,10000,19,3,787.970
Unchanged,6,10000,19,3,663.500
CurrentNeed,6,10000,19,3,760.710
StatusValue,6,10000,19,3,808.920
