probe,size,repetitions,elapsed_ms,records_or_result
agent_clone_partners,10,1000,0.104300,159
agent_clone_partners,100,1000,0.849300,790
agent_clone_partners,1000,1000,7.843200,7991
agent_clone_partners,10000,1000,87.639100,88992
001_run,100,100,24.725500,9640
001_index_replay,100,100,4.519200,9640
001_run,1000,100,245.411800,95578
001_index_replay,1000,100,57.400100,95578
index_append,1000,1,0.181100,2000
suffix_first,1000,200,0.197300,0
suffix_last,1000,200,0.003800,0
index_append,10000,1,2.280600,20000
suffix_first,10000,200,2.676400,0
suffix_last,10000,200,0.008700,0
index_append,100000,1,24.645400,200000
suffix_first,100000,200,24.848500,0
suffix_last,100000,200,0.008300,0
conversations,100,1,2.047500,400
forecast_last_lookup,400,10000,2.628900,399
conversations,1000,1,23.999800,4000
forecast_last_lookup,4000,10000,25.170300,3999
conversations,4000,1,181.448400,16000
forecast_last_lookup,16000,10000,132.898900,15999
compact_clone_depth,3,1,0.367200,980096
compact_serialize_depth,3,1,2.119300,980096
compact_clone_depth,30,1,6.532800,8601939
compact_serialize_depth,30,1,29.255900,8601939
compact_clone_depth,100,1,19.080900,27720148
compact_serialize_depth,100,1,78.555500,27720148
