mode,population,rounds,init_ms,run_ms,records,records_per_second
experiment001,100,100,11.117,21.515,9640,448064
experiment001,1000,100,61.530,200.137,95578,477564
experiment002,100,100,11.319,29.246,21341,729702
experiment002,1000,100,47.892,227.333,212751,935857
experiment003,100,100,10.388,32.179,25865,803780
experiment003,1000,100,51.581,302.780,258428,853518
experiment004,100,100,9.727,34.483,25891,750834
experiment004,1000,100,60.268,385.320,258642,671239
experiment005,100,100,10.390,40.350,35891,889488
experiment005,1000,100,62.779,441.212,358642,812856
experiment004_three_encounters,100,100,10.434,97.090,52328,538961
experiment004_three_encounters,1000,100,59.112,1118.680,521305,466000
experiment005_three_encounters,100,100,11.786,128.358,86788,676142
experiment005_three_encounters,1000,100,66.112,1587.279,866109,545656
experiment006_three_encounters,100,100,13.348,145.343,82328,566439
experiment006_three_encounters,1000,100,66.612,1596.816,821305,514339
experiment007_three_encounters,100,100,15.187,185.148,82328,444659
experiment007_three_encounters,1000,100,87.043,2408.442,821305,341011
