population,method,sample,build_run_validation_ms,serialize_ms,bytes,audit_bytes,live_assessment_bytes,records,max_items
100,Frozen008,0,9.247500,7.793800,3439320,0,242244,1800,32
100,Frozen008,1,6.610700,5.405400,3439320,0,242244,1800,32
100,Frozen008,2,6.464600,5.677800,3439320,0,242244,1800,32
100,Fifo,0,16.226900,18.537400,11646671,8207306,242244,1800,32
100,Fifo,1,17.019900,18.333700,11646671,8207306,242244,1800,32
100,Fifo,2,16.140200,18.387700,11646671,8207306,242244,1800,32
100,Quality,0,16.816400,18.207900,11640784,8211306,242244,1800,32
100,Quality,1,16.287300,18.851100,11640784,8211306,242244,1800,32
100,Quality,2,16.651500,18.269000,11640784,8211306,242244,1800,32
100,Salient,0,17.483100,19.184200,11640834,8211356,242244,1800,32
100,Salient,1,16.706400,18.452700,11640834,8211356,242244,1800,32
100,Salient,2,16.559800,18.892800,11640834,8211356,242244,1800,32
1000,Frozen008,0,87.709100,60.449300,35442611,0,2486556,18000,32
1000,Frozen008,1,76.758600,60.419100,35442611,0,2486556,18000,32
1000,Frozen008,2,79.575100,62.331000,35442611,0,2486556,18000,32
1000,Fifo,0,201.690600,186.233600,119342501,83899845,2486556,18000,32
1000,Fifo,1,198.114900,181.024400,119342501,83899845,2486556,18000,32
1000,Fifo,2,185.062400,180.140500,119342501,83899845,2486556,18000,32
1000,Quality,0,187.235200,187.311400,119281614,83939845,2486556,18000,32
1000,Quality,1,187.472900,186.153400,119281614,83939845,2486556,18000,32
1000,Quality,2,196.640100,186.768300,119281614,83939845,2486556,18000,32
1000,Salient,0,190.904600,192.835600,119282114,83940345,2486556,18000,32
1000,Salient,1,189.505300,178.575200,119282114,83940345,2486556,18000,32
1000,Salient,2,194.768700,187.585900,119282114,83940345,2486556,18000,32
